"constraint_name","child_table","child_column","parent_table","parent_column"
"iam_identities_ibfk_1","iam_identities","user_id","iam_users","user_id"
"iam_permissions_ibfk_1","iam_permissions","created_by","iam_users","user_id"
"iam_permissions_ibfk_2","iam_permissions","updated_by","iam_users","user_id"
"iam_role_permissions_ibfk_2","iam_role_permissions","permission_id","iam_permissions","permission_id"
"iam_role_permissions_ibfk_3","iam_role_permissions","role_id","iam_roles","role_id"
"iam_role_permissions_ibfk_1","iam_role_permissions","created_by","iam_users","user_id"
"iam_role_permissions_ibfk_4","iam_role_permissions","updated_by","iam_users","user_id"
"iam_roles_ibfk_1","iam_roles","created_by","iam_users","user_id"
"iam_roles_ibfk_2","iam_roles","updated_by","iam_users","user_id"
"iam_user_centro_access_ibfk_1","iam_user_centro_access","granted_by","iam_users","user_id"
"iam_user_centro_access_ibfk_2","iam_user_centro_access","user_id","iam_users","user_id"
"iam_user_contrato_access_ibfk_1","iam_user_contrato_access","granted_by","iam_users","user_id"
"iam_user_contrato_access_ibfk_3","iam_user_contrato_access","user_id","iam_users","user_id"
"iam_user_contrato_access_ibfk_2","iam_user_contrato_access","id_contrato","tesoreria_contratos","id_contrato"
"iam_user_roles_ibfk_2","iam_user_roles","role_id","iam_roles","role_id"
"iam_user_roles_ibfk_1","iam_user_roles","granted_by","iam_users","user_id"
"iam_user_roles_ibfk_3","iam_user_roles","user_id","iam_users","user_id"
"iam_users_ibfk_1","iam_users","employee_id","rrhh_empleados","id_empleado"
"pld_contrapartes_docs_ibfk_2","pld_contrapartes_docs","created_by","iam_users","user_id"
"pld_contrapartes_docs_ibfk_3","pld_contrapartes_docs","updated_by","iam_users","user_id"
"pld_contrapartes_docs_ibfk_1","pld_contrapartes_docs","id_kyc","pld_contrapartes_kyc","id_kyc"
"pld_contrapartes_kyc_ibfk_2","pld_contrapartes_kyc","created_by","iam_users","user_id"
"pld_contrapartes_kyc_ibfk_3","pld_contrapartes_kyc","updated_by","iam_users","user_id"
"pld_contrapartes_kyc_ibfk_aprobado_por","pld_contrapartes_kyc","aprobado_por","iam_users","user_id"
"pld_contrapartes_kyc_ibfk_1","pld_contrapartes_kyc","id_contraparte","tesoreria_contrapartes","id_contraparte"
"pld_ticket_cliente_ibfk_3","pld_ticket_cliente","issued_by","iam_users","user_id"
"pld_ticket_cliente_ibfk_2","pld_ticket_cliente","id_kyc","pld_contrapartes_kyc","id_kyc"
"rentas_contratos_ibfk_2","rentas_contratos","arrendador","general_sociedades","rfc"
"rentas_contratos_ibfk_5","rentas_contratos","created_by","iam_users","user_id"
"rentas_contratos_ibfk_6","rentas_contratos","updated_by","iam_users","user_id"
"rentas_contratos_ibfk_3","rentas_contratos","arrendatario","tesoreria_contrapartes","id_contraparte"
"rentas_contratos_ibfk_4","rentas_contratos","fiador","tesoreria_contrapartes","id_contraparte"
"rentas_contratos_ibfk_1","rentas_contratos","id_contrato_tesoreria","tesoreria_contratos","id_contrato"
"rentas_contratos_docs_ibfk_2","rentas_contratos_docs","created_by","iam_users","user_id"
"rentas_contratos_docs_ibfk_3","rentas_contratos_docs","updated_by","iam_users","user_id"
"rentas_contratos_docs_ibfk_1","rentas_contratos_docs","id_rentas_contrato","rentas_contratos","id_rentas_contrato"
"rentas_inmuebles_ibfk_2","rentas_inmuebles","created_by","iam_users","user_id"
"rentas_inmuebles_ibfk_3","rentas_inmuebles","updated_by","iam_users","user_id"
"rentas_inmuebles_ibfk_1","rentas_inmuebles","id_ubicacion","rentas_ubicaciones","id_ubicacion"
"rentas_inmuebles_contratos_ibfk_3","rentas_inmuebles_contratos","created_by","iam_users","user_id"
"rentas_inmuebles_contratos_ibfk_4","rentas_inmuebles_contratos","updated_by","iam_users","user_id"
"rentas_inmuebles_contratos_ibfk_2","rentas_inmuebles_contratos","id_rentas_contrato","rentas_contratos","id_rentas_contrato"
"rentas_inmuebles_contratos_ibfk_1","rentas_inmuebles_contratos","id_inmueble","rentas_inmuebles","id_inmueble"
"rentas_ubicaciones_ibfk_1","rentas_ubicaciones","propietario_rfc","general_sociedades","rfc"
"rentas_ubicaciones_ibfk_2","rentas_ubicaciones","created_by","iam_users","user_id"
"rentas_ubicaciones_ibfk_3","rentas_ubicaciones","updated_by","iam_users","user_id"
"rrhh_puestos_ibfk_3","rrhh_puestos","sociedad","general_sociedades","rfc"
"rrhh_puestos_ibfk_1","rrhh_puestos","id_empleado","rrhh_empleados","id_empleado"
"rrhh_puestos_ibfk_2","rrhh_puestos","id_supervisor","rrhh_empleados","id_empleado"
"tesoreria_contrapartes_relacion_ibfk_1","tesoreria_contrapartes_relacion","id_contraparte","tesoreria_contrapartes","id_contraparte"
"tesoreria_contrapartes_relacion_ibfk_2","tesoreria_contrapartes_relacion","id_contraparte_relacion","tesoreria_contrapartes","id_contraparte"
"tesoreria_contratos_ibfk_1","tesoreria_contratos","sociedad","general_sociedades","rfc"
"fk_tes_contratos_contrapartes_id","tesoreria_contratos","id_contraparte","tesoreria_contrapartes","id_contraparte"
"tesoreria_cortes_edc_ibfk_1","tesoreria_cortes_edc","cuenta","tesoreria_cuentas","id_cuenta_bancaria"
"fk_cuentas_bancos","tesoreria_cuentas","banco","tesoreria_bancos","id_banxico"
"tesoreria_flujos_ibfk_2","tesoreria_flujos","id_empleado","rrhh_empleados","id_empleado"
"tesoreria_flujos_ibfk_3","tesoreria_flujos","id_empleado_reembolso","rrhh_empleados","id_empleado"
"tesoreria_flujos_ibfk_5","tesoreria_flujos","complemento_uuid","tesoreria_complementos_pago","Timbre_UUID"
"tesoreria_flujos_ibfk_1","tesoreria_flujos","id_contrato","tesoreria_contratos","id_contrato"
"fk_flujos_cuenta","tesoreria_flujos","cuenta","tesoreria_cuentas","id_cuenta_bancaria"
"tesoreria_flujos_ibfk_4","tesoreria_flujos","factura_uuid","tesoreria_facturas","Timbre_UUID"
"tesoreria_flujos_ibfk_6","tesoreria_flujos","nomina_uuid","tesoreria_rec_nominas","Timbre_UUID"
"tesoreria_notas_credito_ibfk_1","tesoreria_notas_credito","UUID_Relacionado","tesoreria_facturas","Timbre_UUID"
"tickets_ibfk_2","tickets","asignado_a","iam_users","user_id"
"tickets_ibfk_3","tickets","created_by","iam_users","user_id"
"tickets_ibfk_4","tickets","updated_by","iam_users","user_id"
"tickets_ibfk_1","tickets","id_subproyecto","tickets_subproyectos","id_subproyecto"
"tickets_centros_ibfk_1","tickets_centros","created_by","iam_users","user_id"
"tickets_centros_ibfk_2","tickets_centros","updated_by","iam_users","user_id"
"tickets_dependencias_ibfk_3","tickets_dependencias","created_by","iam_users","user_id"
"tickets_dependencias_ibfk_4","tickets_dependencias","updated_by","iam_users","user_id"
"tickets_dependencias_ibfk_1","tickets_dependencias","predecesora","tickets","id_ticket"
"tickets_dependencias_ibfk_2","tickets_dependencias","sucesora","tickets","id_ticket"
"tickets_log_ibfk_2","tickets_log","created_by","iam_users","user_id"
"tickets_log_ibfk_3","tickets_log","updated_by","iam_users","user_id"
"tickets_log_ibfk_1","tickets_log","id_ticket","tickets","id_ticket"
"tickets_proyectos_ibfk_2","tickets_proyectos","responsable","iam_users","user_id"
"tickets_proyectos_ibfk_3","tickets_proyectos","created_by","iam_users","user_id"
"tickets_proyectos_ibfk_4","tickets_proyectos","updated_by","iam_users","user_id"
"tickets_proyectos_ibfk_1","tickets_proyectos","centro","tickets_centros","id_tickets_centro"
"tickets_proyectos_participantes_ibfk_2","tickets_proyectos_participantes","id_participante","iam_users","user_id"
"tickets_proyectos_participantes_ibfk_3","tickets_proyectos_participantes","created_by","iam_users","user_id"
"tickets_proyectos_participantes_ibfk_4","tickets_proyectos_participantes","updated_by","iam_users","user_id"
"tickets_proyectos_participantes_ibfk_1","tickets_proyectos_participantes","id_proyecto","tickets_proyectos","id_proyecto"
"tickets_subproyectos_ibfk_2","tickets_subproyectos","sociedad","general_sociedades","rfc"
"tickets_subproyectos_ibfk_3","tickets_subproyectos","responsable","iam_users","user_id"
"tickets_subproyectos_ibfk_4","tickets_subproyectos","created_by","iam_users","user_id"
"tickets_subproyectos_ibfk_5","tickets_subproyectos","updated_by","iam_users","user_id"
"tickets_subproyectos_ibfk_1","tickets_subproyectos","id_proyecto","tickets_proyectos","id_proyecto"
"vivienda_listado_ibfk_2","vivienda_listado","created_by","iam_users","user_id"
"vivienda_listado_ibfk_3","vivienda_listado","updated_by","iam_users","user_id"
"vivienda_listado_ibfk_1","vivienda_listado","id_proyecto","vivienda_proyectos","id_proyecto"
"vivienda_proyectos_ibfk_1","vivienda_proyectos","propietario","general_sociedades","rfc"
"vivienda_proyectos_ibfk_2","vivienda_proyectos","created_by","iam_users","user_id"
"vivienda_proyectos_ibfk_3","vivienda_proyectos","updated_by","iam_users","user_id"
"vivienda_rel_expediente_clientes_ibfk_3","vivienda_rel_expediente_clientes","created_by","iam_users","user_id"
"vivienda_rel_expediente_clientes_ibfk_4","vivienda_rel_expediente_clientes","updated_by","iam_users","user_id"
"vivienda_rel_expediente_clientes_ibfk_2","vivienda_rel_expediente_clientes","id_contraparte","tesoreria_contrapartes","id_contraparte"
"vivienda_rel_expediente_clientes_ibfk_1","vivienda_rel_expediente_clientes","id_expediente","vivienda_ventas_expedientes","id_expediente"
"vivienda_ventas_asesores_ibfk_1","vivienda_ventas_asesores","created_by","iam_users","user_id"
"vivienda_ventas_asesores_ibfk_2","vivienda_ventas_asesores","updated_by","iam_users","user_id"
"vivienda_ventas_expedientes_ibfk_4","vivienda_ventas_expedientes","created_by","iam_users","user_id"
"vivienda_ventas_expedientes_ibfk_5","vivienda_ventas_expedientes","updated_by","iam_users","user_id"
"vivienda_ventas_expedientes_ibfk_3","vivienda_ventas_expedientes","id_contrato","tesoreria_contratos","id_contrato"
"vivienda_ventas_expedientes_ibfk_1","vivienda_ventas_expedientes","id_vivienda","vivienda_listado","id_vivienda"
"vivienda_ventas_expedientes_ibfk_2","vivienda_ventas_expedientes","id_asesor","vivienda_ventas_asesores","id_asesor"
"vivienda_ventas_expedientes_items_ibfk_2","vivienda_ventas_expedientes_items","created_by","iam_users","user_id"
"vivienda_ventas_expedientes_items_ibfk_3","vivienda_ventas_expedientes_items","updated_by","iam_users","user_id"
"vivienda_ventas_expedientes_items_ibfk_1","vivienda_ventas_expedientes_items","id_expediente","vivienda_ventas_expedientes","id_expediente"
