"TABLE_NAME","COLUMN_NAME","COLUMN_TYPE","IS_NULLABLE","COLUMN_KEY","COLUMN_DEFAULT","EXTRA"
"factura_conceptos","id","int","NO","PRI","","auto_increment"
"factura_conceptos","UUID","varchar(50)","YES","MUL","",""
"factura_conceptos","ClaveProdServ","varchar(20)","YES","","",""
"factura_conceptos","NoIdentificacion","varchar(200)","YES","","",""
"factura_conceptos","Cantidad","decimal(18,2)","YES","","",""
"factura_conceptos","ClaveUnidad","varchar(10)","YES","","",""
"factura_conceptos","Unidad","varchar(20)","YES","","",""
"factura_conceptos","Descripcion","text","YES","","",""
"factura_conceptos","ValorUnitario","varchar(50)","YES","","",""
"factura_conceptos","Importe","varchar(50)","YES","","",""
"factura_conceptos","Descuento","varchar(50)","YES","","",""
"factura_conceptos","ObjetoImp","varchar(5)","YES","","",""
"factura_conceptos","created_at","timestamp","YES","","now()","DEFAULT_GENERATED"
"factura_conceptos","updated_at","datetime","YES","","now()","DEFAULT_GENERATED on update CURRENT_TIMESTAMP"
"factura_conceptos","created_by","varchar(100)","YES","","",""
"factura_conceptos","updated_by","varchar(100)","YES","","",""
"factura_conceptos","rfc_propietario","varchar(50)","YES","","",""
"factura_doctos_relacionados","id","int","NO","PRI","","auto_increment"
"factura_doctos_relacionados","Timbre_UUID","varchar(36)","YES","MUL","",""
"factura_doctos_relacionados","IdDocumento","varchar(36)","YES","","",""
"factura_doctos_relacionados","Serie","varchar(25)","YES","","",""
"factura_doctos_relacionados","Folio","varchar(25)","YES","","",""
"factura_doctos_relacionados","MonedaDR","varchar(5)","YES","","",""
"factura_doctos_relacionados","EquivalenciaDR","varchar(50)","YES","","",""
"factura_doctos_relacionados","NumParcialidad","int","YES","","",""
"factura_doctos_relacionados","ImpSaldoAnt","decimal(18,2)","YES","","",""
"factura_doctos_relacionados","ImpPagado","decimal(18,2)","YES","","",""
"factura_doctos_relacionados","ImpSaldoInsoluto","decimal(18,2)","YES","","",""
"factura_doctos_relacionados","ObjetoImpDR","varchar(5)","YES","","",""
"factura_doctos_relacionados","created_at","timestamp","YES","","now()","DEFAULT_GENERATED"
"factura_doctos_relacionados","updated_at","datetime","YES","","now()","DEFAULT_GENERATED on update CURRENT_TIMESTAMP"
"factura_doctos_relacionados","created_by","varchar(100)","YES","","",""
"factura_doctos_relacionados","updated_by","varchar(100)","YES","","",""
"factura_doctos_relacionados","rfc_propietario","varchar(50)","YES","","",""
"factura_notas_credito","id","int","NO","PRI","","auto_increment"
"factura_notas_credito","uuid","varchar(50)","YES","MUL","",""
"factura_notas_credito","uuid_relacionado","varchar(200)","YES","","",""
"factura_notas_credito","ClaveProdServ","varchar(100)","YES","","",""
"factura_notas_credito","NoIdentificacion","varchar(50)","YES","","",""
"factura_notas_credito","Cantidad","decimal(20,6)","YES","","",""
"factura_notas_credito","ClaveUnidad","varchar(50)","YES","","",""
"factura_notas_credito","Unidad","varchar(50)","YES","","",""
"factura_notas_credito","Descripcion","varchar(700)","YES","","",""
"factura_notas_credito","ValorUnitario","decimal(20,6)","YES","","",""
"factura_notas_credito","Importe","decimal(20,6)","YES","","",""
"factura_notas_credito","ObjetoImp","varchar(50)","YES","","",""
"factura_notas_credito","Base","varchar(50)","YES","","",""
"factura_notas_credito","Impuesto","varchar(50)","YES","","",""
"factura_notas_credito","TipoFactor","varchar(50)","YES","","",""
"factura_notas_credito","TasaOCuota","varchar(50)","YES","","",""
"factura_notas_credito","ImporteTraslado","varchar(50)","YES","","",""
"factura_notas_credito","TotalImpuestosTrasladados","varchar(50)","YES","","",""
"factura_notas_credito","created_at","timestamp","YES","","now()","DEFAULT_GENERATED"
"factura_notas_credito","updated_at","datetime","YES","","now()","DEFAULT_GENERATED on update CURRENT_TIMESTAMP"
"factura_notas_credito","created_by","varchar(100)","YES","","",""
"factura_notas_credito","updated_by","varchar(100)","YES","","",""
"factura_notas_credito","rfc_propietario","varchar(50)","YES","","",""
"factura_traslados","id","int","NO","PRI","","auto_increment"
"factura_traslados","UUID","varchar(36)","YES","","",""
"factura_traslados","Base","varchar(50)","YES","","",""
"factura_traslados","Impuesto","varchar(5)","YES","","",""
"factura_traslados","TipoFactor","varchar(10)","YES","","",""
"factura_traslados","TasaOCuota","varchar(50)","YES","","",""
"factura_traslados","Importe","varchar(50)","YES","","",""
"factura_traslados","created_at","timestamp","YES","","now()","DEFAULT_GENERATED"
"factura_traslados","updated_at","datetime","YES","","now()","DEFAULT_GENERATED on update CURRENT_TIMESTAMP"
"factura_traslados","created_by","varchar(100)","YES","","",""
"factura_traslados","updated_by","varchar(100)","YES","","",""
"factura_traslados","rfc_propietario","varchar(50)","YES","","",""
"general_sociedades","rfc","varchar(13)","NO","PRI","",""
"general_sociedades","razon_social","varchar(100)","YES","","",""
"general_sociedades","regimen_mercantil","varchar(100)","YES","","",""
"general_sociedades","alias_sociedad","varchar(3)","YES","","",""
"general_sociedades","created_at","timestamp","YES","","now()","DEFAULT_GENERATED"
"general_sociedades","updated_at","datetime","YES","","now()","DEFAULT_GENERATED on update CURRENT_TIMESTAMP"
"general_sociedades","created_by","varchar(100)","YES","","",""
"general_sociedades","updated_by","varchar(100)","YES","","",""
"general_sociedades","grupo","varchar(50)","YES","","",""
"iam_identities","identity_id","char(8)","NO","PRI","",""
"iam_identities","user_id","char(8)","NO","MUL","",""
"iam_identities","provider","enum('google')","NO","","",""
"iam_identities","provider_subject","varchar(255)","NO","","",""
"iam_identities","email","varchar(254)","NO","","",""
"iam_identities","email_verified","tinyint(1)","NO","","0",""
"iam_identities","hosted_domain","varchar(255)","YES","","",""
"iam_identities","picture_url","varchar(2083)","YES","","",""
"iam_identities","last_login_at","datetime","YES","","",""
"iam_identities","created_at","datetime","YES","","",""
"iam_permissions","permission_id","char(8)","NO","PRI","",""
"iam_permissions","perm_key","varchar(120)","NO","UNI","",""
"iam_permissions","description","varchar(255)","YES","","",""
"iam_permissions","created_at","datetime","YES","","",""
"iam_permissions","created_by","char(8)","NO","MUL","",""
"iam_permissions","updated_at","datetime","YES","","",""
"iam_permissions","updated_by","char(8)","NO","MUL","",""
"iam_role_permissions","role_id","char(8)","NO","MUL","",""
"iam_role_permissions","permission_id","char(8)","NO","MUL","",""
"iam_role_permissions","created_at","datetime","YES","","",""
"iam_role_permissions","created_by","char(8)","NO","MUL","",""
"iam_role_permissions","updated_at","datetime","YES","","",""
"iam_role_permissions","updated_by","char(8)","NO","MUL","",""
"iam_roles","role_id","char(8)","NO","PRI","",""
"iam_roles","role_key","varchar(50)","NO","UNI","",""
"iam_roles","role_name","varchar(100)","NO","","",""
"iam_roles","description","varchar(255)","YES","","",""
"iam_roles","created_at","datetime","YES","","",""
"iam_roles","created_by","char(8)","NO","MUL","",""
"iam_roles","updated_at","datetime","YES","","",""
"iam_roles","updated_by","char(8)","NO","MUL","",""
"iam_user_centro_access","user_id","char(8)","NO","MUL","",""
"iam_user_centro_access","centro_id","varchar(255)","NO","","",""
"iam_user_centro_access","granted_by","char(8)","YES","MUL","",""
"iam_user_centro_access","granted_at","datetime","YES","","",""
"iam_user_centro_access","revoked_at","datetime","YES","","",""
"iam_user_contrato_access","user_id","char(8)","NO","MUL","",""
"iam_user_contrato_access","id_contrato","varchar(255)","NO","MUL","",""
"iam_user_contrato_access","granted_by","char(8)","YES","MUL","",""
"iam_user_contrato_access","granted_at","datetime","YES","","",""
"iam_user_contrato_access","revoked_at","datetime","YES","","",""
"iam_user_roles","assignment_id","char(8)","NO","PRI","",""
"iam_user_roles","user_id","char(8)","NO","MUL","",""
"iam_user_roles","role_id","char(8)","NO","MUL","",""
"iam_user_roles","scope_type","enum('GLOBAL','SOCIEDAD','PROYECTO')","NO","","GLOBAL",""
"iam_user_roles","scope_id","varchar(255)","NO","","*",""
"iam_user_roles","granted_by","char(8)","YES","MUL","",""
"iam_user_roles","granted_at","datetime","YES","","",""
"iam_user_roles","revoked_at","datetime","YES","","",""
"iam_users","user_id","char(8)","NO","PRI","",""
"iam_users","primary_email","varchar(254)","NO","UNI","",""
"iam_users","display_name","varchar(150)","YES","","",""
"iam_users","status","enum('ACTIVE','SUSPENDED','DELETED')","NO","","ACTIVE",""
"iam_users","access_mode","enum('STANDARD','RESTRICTED')","NO","","STANDARD",""
"iam_users","employee_id","varchar(255)","YES","MUL","",""
"iam_users","created_at","datetime","YES","","",""
"iam_users","updated_at","datetime","YES","","",""
"pld_contrapartes_docs","id_kyc_doc","varchar(8)","NO","PRI","",""
"pld_contrapartes_docs","id_kyc","varchar(8)","NO","MUL","",""
"pld_contrapartes_docs","denominacion","varchar(250)","YES","","",""
"pld_contrapartes_docs","detalles_adicionales","varchar(500)","YES","","",""
"pld_contrapartes_docs","status","enum('PENDIENTE','INCOMPLETO','ENTREGADO','APROBADO')","YES","","",""
"pld_contrapartes_docs","link_documento","varchar(2083)","YES","","",""
"pld_contrapartes_docs","fecha_solicitud","date","YES","","",""
"pld_contrapartes_docs","fecha_limite","date","YES","","",""
"pld_contrapartes_docs","fecha_entrega","date","YES","","",""
"pld_contrapartes_docs","fecha_cierre","date","YES","","",""
"pld_contrapartes_docs","comentarios","varchar(500)","YES","","",""
"pld_contrapartes_docs","created_at","datetime","YES","","",""
"pld_contrapartes_docs","created_by","char(8)","NO","MUL","",""
"pld_contrapartes_docs","updated_at","datetime","YES","","",""
"pld_contrapartes_docs","updated_by","char(8)","NO","MUL","",""
"pld_contrapartes_kyc","id_kyc","varchar(8)","NO","PRI","",""
"pld_contrapartes_kyc","id_contraparte","varchar(8)","NO","MUL","",""
"pld_contrapartes_kyc","fecha_nac_const","date","NO","","",""
"pld_contrapartes_kyc","pais_nac_const","varchar(100)","NO","","",""
"pld_contrapartes_kyc","folio_mercantil","varchar(250)","YES","","",""
"pld_contrapartes_kyc","objeto_social","varchar(250)","YES","","",""
"pld_contrapartes_kyc","curp","varchar(18)","YES","","",""
"pld_contrapartes_kyc","nacionalidad","varchar(100)","NO","","",""
"pld_contrapartes_kyc","ocupacion_act_economica","varchar(100)","NO","","",""
"pld_contrapartes_kyc","dom_calle","varchar(150)","NO","","",""
"pld_contrapartes_kyc","dom_numero_ext","varchar(50)","NO","","",""
"pld_contrapartes_kyc","dom_numero_int","varchar(50)","NO","","",""
"pld_contrapartes_kyc","dom_colonia","varchar(100)","NO","","",""
"pld_contrapartes_kyc","dom_municipio_alcaldia","varchar(255)","NO","","",""
"pld_contrapartes_kyc","dom_estado","varchar(255)","NO","","",""
"pld_contrapartes_kyc","dom_cp","varchar(10)","NO","","",""
"pld_contrapartes_kyc","dom_pais","varchar(100)","NO","","",""
"pld_contrapartes_kyc","tipo_identificacion","varchar(100)","YES","","",""
"pld_contrapartes_kyc","autoridad_identificacion","varchar(250)","YES","","",""
"pld_contrapartes_kyc","numero_identificacion","varchar(250)","YES","","",""
"pld_contrapartes_kyc","dom_corresp_dom_calle","varchar(150)","YES","","",""
"pld_contrapartes_kyc","dom_corresp_dom_numero_ext","varchar(50)","YES","","",""
"pld_contrapartes_kyc","dom_corresp_dom_numero_int","varchar(50)","YES","","",""
"pld_contrapartes_kyc","dom_corresp_dom_colonia","varchar(100)","YES","","",""
"pld_contrapartes_kyc","dom_corresp_dom_municipio_alcaldia","varchar(255)","YES","","",""
"pld_contrapartes_kyc","dom_corresp_dom_estado","varchar(255)","YES","","",""
"pld_contrapartes_kyc","dom_corresp_dom_cp","varchar(10)","YES","","",""
"pld_contrapartes_kyc","dom_corresp_dom_pais","varchar(100)","YES","","",""
"pld_contrapartes_kyc","telefono_fijo","varchar(10)","NO","","",""
"pld_contrapartes_kyc","telefono_sms","varchar(10)","NO","","",""
"pld_contrapartes_kyc","estado_civil","enum('SOLTERO','CASADO')","NO","","",""
"pld_contrapartes_kyc","ident_fideicomiso","varchar(100)","NO","","",""
"pld_contrapartes_kyc","link_carpeta","varchar(2083)","YES","","",""
"pld_contrapartes_kyc","link_plantillas","varchar(2083)","YES","","",""
"pld_contrapartes_kyc","link_documento_pld","varchar(2083)","YES","","",""
"pld_contrapartes_kyc","estado_llenado","enum('PENDIENTE','INCOMPLETO','ENTREGADO')","NO","","PENDIENTE",""
"pld_contrapartes_kyc","aprobado_por","char(8)","NO","MUL","",""
"pld_contrapartes_kyc","aprobado_en","datetime","YES","","",""
"pld_contrapartes_kyc","comentarios","varchar(500)","YES","","",""
"pld_contrapartes_kyc","created_at","datetime","YES","","",""
"pld_contrapartes_kyc","created_by","char(8)","NO","MUL","",""
"pld_contrapartes_kyc","updated_at","datetime","YES","","",""
"pld_contrapartes_kyc","updated_by","char(8)","NO","MUL","",""
"pld_contrapartes_kyc","fecha_vencimiento","date","NO","","",""
"pld_ticket_cliente","id_pld_ticket","varchar(8)","NO","PRI","",""
"pld_ticket_cliente","id_kyc","varchar(8)","YES","MUL","",""
"pld_ticket_cliente","token","char(64)","NO","","",""
"pld_ticket_cliente","issued_at","datetime","NO","","",""
"pld_ticket_cliente","issued_by","char(8)","NO","MUL","",""
"pld_ticket_cliente","expires_at","datetime","NO","","",""
"pld_ticket_cliente","max_uses","int","NO","","",""
"pld_ticket_cliente","uses_count","int","NO","","",""
"pld_ticket_cliente","first_used_at","datetime","YES","","",""
"pld_ticket_cliente","last_used_at","datetime","YES","","",""
"pld_ticket_cliente","revoked_at","datetime","YES","","",""
"rentas_contratos","id_rentas_contrato","varchar(8)","NO","PRI","",""
"rentas_contratos","id_contrato_tesoreria","varchar(255)","NO","MUL","",""
"rentas_contratos","arrendador","varchar(13)","NO","MUL","",""
"rentas_contratos","arrendatario","varchar(8)","NO","MUL","",""
"rentas_contratos","fiador","varchar(8)","YES","MUL","",""
"rentas_contratos","nombre_comercial","varchar(255)","NO","","",""
"rentas_contratos","giro","varchar(255)","NO","","",""
"rentas_contratos","subtotal_renta_inicial","decimal(10,2)","YES","","",""
"rentas_contratos","renta_var_porc","decimal(10,2)","YES","","",""
"rentas_contratos","subtotal_mtto_inicial","decimal(10,2)","YES","","",""
"rentas_contratos","num_dep_garantia","decimal(10,2)","YES","","",""
"rentas_contratos","monto_dep_garantia","decimal(10,2)","NO","","",""
"rentas_contratos","num_rentas_ant","decimal(10,2)","YES","","",""
"rentas_contratos","monto_rentas_ant","decimal(10,2)","NO","","",""
"rentas_contratos","dias_factura","int","YES","","",""
"rentas_contratos","dias_pago","int","YES","","",""
"rentas_contratos","fecha_firma","date","YES","","",""
"rentas_contratos","fecha_entrega","date","YES","","",""
"rentas_contratos","fecha_apertura","date","YES","","",""
"rentas_contratos","plazo_arrendador_meses","int","YES","","",""
"rentas_contratos","fecha_vigencia_arrendador","date","YES","","",""
"rentas_contratos","plazo_arrendatario_meses","int","YES","","",""
"rentas_contratos","fecha_vigencia_arrendatario","date","YES","","",""
"rentas_contratos","fecha_rescision","date","YES","","",""
"rentas_contratos","fac_uso_cfdi","varchar(10)","NO","","",""
"rentas_contratos","fac_regimen_fiscal","varchar(10)","NO","","",""
"rentas_contratos","fac_metodo_pago","varchar(10)","NO","","",""
"rentas_contratos","fac_forma_pago","varchar(10)","NO","","",""
"rentas_contratos","fac_publico_general","tinyint(1)","YES","","",""
"rentas_contratos","fac_cp_fiscal","varchar(5)","YES","","",""
"rentas_contratos","fac_email","varchar(100)","YES","","",""
"rentas_contratos","condiciones_local","varchar(500)","YES","","",""
"rentas_contratos","acometida_electrica","tinyint(1)","YES","","",""
"rentas_contratos","servicio_telefonico","varchar(500)","YES","","",""
"rentas_contratos","agua_drenaje","varchar(500)","YES","","",""
"rentas_contratos","totem","tinyint(1)","YES","","",""
"rentas_contratos","cobro_agua","tinyint(1)","YES","","",""
"rentas_contratos","cobro_luz","tinyint(1)","NO","","0",""
"rentas_contratos","estado","enum('BORRADOR','PENDIENTE FIRMA','VIGENTE','VENCIDO','RESCINDIDO')","NO","","BORRADOR",""
"rentas_contratos","comentarios","varchar(500)","YES","","",""
"rentas_contratos","created_at","datetime","YES","","",""
"rentas_contratos","created_by","char(8)","NO","MUL","",""
"rentas_contratos","updated_at","datetime","YES","","",""
"rentas_contratos","updated_by","char(8)","NO","MUL","",""
"rentas_contratos_docs","id_rent_cont_doc","varchar(8)","NO","PRI","",""
"rentas_contratos_docs","id_rentas_contrato","varchar(8)","NO","MUL","",""
"rentas_contratos_docs","denominacion","varchar(250)","NO","","",""
"rentas_contratos_docs","detalles_adicionales","varchar(500)","YES","","",""
"rentas_contratos_docs","status","enum('PENDIENTE','INCOMPLETO','ENTREGADO','APROBADO')","NO","","PENDIENTE",""
"rentas_contratos_docs","link_documento","varchar(2083)","YES","","",""
"rentas_contratos_docs","fecha_solicitud","date","YES","","",""
"rentas_contratos_docs","fecha_limite","date","YES","","",""
"rentas_contratos_docs","fecha_entrega","date","YES","","",""
"rentas_contratos_docs","fecha_cierre","date","YES","","",""
"rentas_contratos_docs","comentarios","varchar(500)","YES","","",""
"rentas_contratos_docs","created_at","datetime","YES","","",""
"rentas_contratos_docs","created_by","char(8)","NO","MUL","",""
"rentas_contratos_docs","updated_at","datetime","YES","","",""
"rentas_contratos_docs","updated_by","char(8)","NO","MUL","",""
"rentas_inmuebles","id_inmueble","varchar(8)","NO","PRI","",""
"rentas_inmuebles","id_ubicacion","varchar(8)","NO","MUL","",""
"rentas_inmuebles","denominacion","varchar(255)","NO","","",""
"rentas_inmuebles","numero_inmueble","varchar(50)","NO","","",""
"rentas_inmuebles","tipo","enum('COMERCIAL','PUBLICIDAD','ESTACIONAMIENTO','OFICINAS','HABITACIONAL')","NO","","",""
"rentas_inmuebles","superficie","decimal(10,2)","YES","","",""
"rentas_inmuebles","renta_m2_vigente","decimal(10,2)","YES","","",""
"rentas_inmuebles","subtotal_renta","decimal(10,2)","YES","","",""
"rentas_inmuebles","genera_iva","tinyint(1)","NO","","1",""
"rentas_inmuebles","monto_renta_iva","decimal(10,2)","YES","","",""
"rentas_inmuebles","mtto_porc","decimal(10,2)","YES","","",""
"rentas_inmuebles","subtotal_mtto","decimal(10,2)","YES","","",""
"rentas_inmuebles","monto_mtto_iva","decimal(10,2)","YES","","",""
"rentas_inmuebles","publicidad_porc","decimal(5,2)","YES","","",""
"rentas_inmuebles","subtotal_publicidad","decimal(10,2)","YES","","",""
"rentas_inmuebles","monto_publicidad_iva","decimal(10,2)","YES","","",""
"rentas_inmuebles","subtotal_agua","decimal(10,2)","YES","","",""
"rentas_inmuebles","monto_agua_iva","decimal(10,2)","YES","","",""
"rentas_inmuebles","link_carpeta","varchar(2083)","YES","","",""
"rentas_inmuebles","link_escrituras","varchar(2083)","YES","","",""
"rentas_inmuebles","comentarios","varchar(500)","YES","","",""
"rentas_inmuebles","created_at","datetime","YES","","",""
"rentas_inmuebles","created_by","char(8)","NO","MUL","",""
"rentas_inmuebles","updated_at","datetime","YES","","",""
"rentas_inmuebles","updated_by","char(8)","NO","MUL","",""
"rentas_inmuebles_contratos","id_rel_inmb_cont","varchar(8)","NO","PRI","",""
"rentas_inmuebles_contratos","id_inmueble","varchar(8)","NO","MUL","",""
"rentas_inmuebles_contratos","id_rentas_contrato","varchar(8)","NO","MUL","",""
"rentas_inmuebles_contratos","comentarios","varchar(500)","YES","","",""
"rentas_inmuebles_contratos","created_at","datetime","YES","","",""
"rentas_inmuebles_contratos","created_by","char(8)","NO","MUL","",""
"rentas_inmuebles_contratos","updated_at","datetime","YES","","",""
"rentas_inmuebles_contratos","updated_by","char(8)","NO","MUL","",""
"rentas_referencias_pago","id","int","NO","PRI","","auto_increment"
"rentas_referencias_pago","Referencia_Pago","varchar(50)","YES","","",""
"rentas_referencias_pago","Num_Local","varchar(50)","YES","","",""
"rentas_referencias_pago","Nombre_Comercial","varchar(100)","YES","","",""
"rentas_referencias_pago","Correo_Enviado","varchar(300)","YES","","",""
"rentas_referencias_pago","Estado_Referencia","int","YES","","",""
"rentas_referencias_pago","Rfc_Arrendatario","varchar(50)","YES","","",""
"rentas_referencias_pago","Razon_Social_Arrendatario","varchar(150)","YES","","",""
"rentas_ubicaciones","id_ubicacion","char(8)","NO","PRI","",""
"rentas_ubicaciones","denominacion","varchar(255)","NO","","",""
"rentas_ubicaciones","calle","varchar(255)","NO","","",""
"rentas_ubicaciones","numero","varchar(50)","NO","","",""
"rentas_ubicaciones","interior","varchar(50)","YES","","",""
"rentas_ubicaciones","colonia","varchar(255)","NO","","",""
"rentas_ubicaciones","municipio","varchar(255)","NO","","",""
"rentas_ubicaciones","estado","varchar(255)","NO","","",""
"rentas_ubicaciones","codigo_postal","varchar(10)","NO","","",""
"rentas_ubicaciones","pais","varchar(255)","NO","","",""
"rentas_ubicaciones","propietario_rfc","varchar(13)","NO","MUL","",""
"rentas_ubicaciones","comentarios","varchar(500)","YES","","",""
"rentas_ubicaciones","created_at","datetime","YES","","",""
"rentas_ubicaciones","created_by","char(8)","NO","MUL","",""
"rentas_ubicaciones","updated_at","datetime","YES","","",""
"rentas_ubicaciones","updated_by","char(8)","NO","MUL","",""
"rrhh_empleados","id_empleado","varchar(255)","NO","PRI","",""
"rrhh_empleados","apellido_paterno","varchar(100)","YES","","",""
"rrhh_empleados","apellido_materno","varchar(100)","YES","","",""
"rrhh_empleados","nombres","varchar(100)","YES","","",""
"rrhh_empleados","curp","varchar(18)","YES","","",""
"rrhh_empleados","rfc","varchar(13)","YES","","",""
"rrhh_empleados","nss","varchar(11)","YES","","",""
"rrhh_empleados","cta_afore","varchar(50)","YES","","",""
"rrhh_empleados","dom_calle","varchar(150)","YES","","",""
"rrhh_empleados","dom_numero_ext","varchar(50)","YES","","",""
"rrhh_empleados","dom_numero_int","varchar(50)","YES","","",""
"rrhh_empleados","dom_colonia","varchar(100)","YES","","",""
"rrhh_empleados","dom_cp","varchar(10)","YES","","",""
"rrhh_empleados","dom_municipio_alcaldia","varchar(255)","YES","","",""
"rrhh_empleados","dom_estado","varchar(255)","YES","","",""
"rrhh_empleados","estado_civil","enum('SOLTERO','CASADO')","YES","","",""
"rrhh_empleados","fecha_nacimiento","date","YES","","",""
"rrhh_empleados","nacimiento_mexico","tinyint(1)","YES","","",""
"rrhh_empleados","municipio_nacimiento","varchar(255)","YES","","",""
"rrhh_empleados","estado_nacimiento","varchar(255)","YES","","",""
"rrhh_empleados","lugar_nacimiento_extran","text","YES","","",""
"rrhh_empleados","nacionalidad","varchar(255)","YES","","",""
"rrhh_empleados","nombre_padre","varchar(100)","YES","","",""
"rrhh_empleados","nombre_madre","varchar(100)","YES","","",""
"rrhh_empleados","genero","enum('MUJER','HOMBRE')","YES","","",""
"rrhh_empleados","telefono","varchar(10)","YES","","",""
"rrhh_empleados","email","varchar(100)","YES","","",""
"rrhh_empleados","banco","varchar(255)","YES","","",""
"rrhh_empleados","cuenta_banco","varchar(18)","YES","","",""
"rrhh_empleados","tipo_cuenta","varchar(255)","YES","","",""
"rrhh_empleados","link_expediente","text","YES","","",""
"rrhh_empleados","estado","varchar(10)","YES","","",""
"rrhh_empleados","created_at","timestamp","YES","","now()","DEFAULT_GENERATED"
"rrhh_empleados","updated_at","datetime","YES","","now()","DEFAULT_GENERATED on update CURRENT_TIMESTAMP"
"rrhh_empleados","created_by","varchar(100)","YES","","",""
"rrhh_empleados","updated_by","varchar(100)","YES","","",""
"rrhh_puestos","id_puesto","varchar(255)","NO","PRI","",""
"rrhh_puestos","id_empleado","varchar(255)","YES","MUL","",""
"rrhh_puestos","sociedad","varchar(13)","YES","MUL","",""
"rrhh_puestos","id_supervisor","varchar(255)","YES","MUL","",""
"rrhh_puestos","proyecto","varchar(3)","YES","","",""
"rrhh_puestos","departamento","varchar(255)","YES","","",""
"rrhh_puestos","puesto","varchar(100)","YES","","",""
"rrhh_puestos","factor_integracion","decimal(9,6)","YES","","",""
"rrhh_puestos","salario_diario","decimal(14,2)","YES","","",""
"rrhh_puestos","descuentos_isr","decimal(14,2)","YES","","",""
"rrhh_puestos","descuentos_imss","decimal(14,2)","YES","","",""
"rrhh_puestos","tipo_salario","varchar(255)","YES","","",""
"rrhh_puestos","turno","varchar(255)","YES","","",""
"rrhh_puestos","umf","decimal(14,2)","YES","","",""
"rrhh_puestos","fecha_alta","date","YES","","",""
"rrhh_puestos","fecha_baja","date","YES","","",""
"rrhh_puestos","motivo_fin","varchar(255)","YES","","",""
"rrhh_puestos","tipo_pago","varchar(255)","YES","","",""
"rrhh_puestos","link_alta_imss","varchar(2083)","YES","","",""
"rrhh_puestos","link_baja_imss","varchar(2083)","YES","","",""
"rrhh_puestos","created_at","timestamp","YES","","now()","DEFAULT_GENERATED"
"rrhh_puestos","updated_at","datetime","YES","","now()","DEFAULT_GENERATED on update CURRENT_TIMESTAMP"
"rrhh_puestos","created_by","varchar(100)","YES","","",""
"rrhh_puestos","updated_by","varchar(100)","YES","","",""
"tesoreria_bancos","id_banxico","varchar(5)","NO","PRI","",""
"tesoreria_bancos","banco","varchar(50)","YES","","",""
"tesoreria_bancos","alias","varchar(5)","YES","","",""
"tesoreria_complementos_pago","id","int","NO","PRI","","auto_increment"
"tesoreria_complementos_pago","Timbre_UUID","varchar(36)","NO","UNI","",""
"tesoreria_complementos_pago","Version","varchar(5)","YES","","",""
"tesoreria_complementos_pago","Serie","varchar(25)","YES","","",""
"tesoreria_complementos_pago","Folio","varchar(25)","YES","","",""
"tesoreria_complementos_pago","Fecha","datetime","YES","","",""
"tesoreria_complementos_pago","NoCertificado","varchar(50)","YES","","",""
"tesoreria_complementos_pago","LugarExpedicion","varchar(10)","YES","","",""
"tesoreria_complementos_pago","TipoDeComprobante","varchar(2)","YES","","",""
"tesoreria_complementos_pago","Moneda","varchar(5)","YES","","",""
"tesoreria_complementos_pago","SubTotal","decimal(18,2)","YES","","",""
"tesoreria_complementos_pago","Total","decimal(18,2)","YES","","",""
"tesoreria_complementos_pago","Exportacion","varchar(10)","YES","","",""
"tesoreria_complementos_pago","Emisor_Rfc","varchar(13)","YES","","",""
"tesoreria_complementos_pago","Emisor_Nombre","varchar(255)","YES","","",""
"tesoreria_complementos_pago","Emisor_RegimenFiscal","varchar(5)","YES","","",""
"tesoreria_complementos_pago","Receptor_Rfc","varchar(13)","YES","","",""
"tesoreria_complementos_pago","Receptor_Nombre","varchar(255)","YES","","",""
"tesoreria_complementos_pago","Receptor_DomicilioFiscalReceptor","varchar(10)","YES","","",""
"tesoreria_complementos_pago","Receptor_RegimenFiscalReceptor","varchar(5)","YES","","",""
"tesoreria_complementos_pago","Receptor_UsoCFDI","varchar(5)","YES","","",""
"tesoreria_complementos_pago","Timbre_Version","varchar(5)","YES","","",""
"tesoreria_complementos_pago","Timbre_FechaTimbrado","datetime","YES","","",""
"tesoreria_complementos_pago","Timbre_RfcProvCertif","varchar(13)","YES","","",""
"tesoreria_complementos_pago","Timbre_NoCertificadoSAT","varchar(50)","YES","","",""
"tesoreria_complementos_pago","fecha_de_pago","varchar(50)","YES","","",""
"tesoreria_complementos_pago","monto_pagado","varchar(50)","YES","","",""
"tesoreria_complementos_pago","uuid_relacion","varchar(50)","YES","","",""
"tesoreria_complementos_pago","tipo_factura","varchar(50)","YES","","",""
"tesoreria_complementos_pago","link_pdf","text","YES","","",""
"tesoreria_complementos_pago","created_at","timestamp","NO","","now()","DEFAULT_GENERATED"
"tesoreria_complementos_pago","updated_at","datetime","YES","","now()","DEFAULT_GENERATED on update CURRENT_TIMESTAMP"
"tesoreria_complementos_pago","created_by","varchar(100)","YES","","",""
"tesoreria_complementos_pago","updated_by","varchar(100)","YES","","",""
"tesoreria_complementos_pago","estado","varchar(50)","YES","","",""
"tesoreria_contrapartes","rfc","varchar(13)","YES","UNI","",""
"tesoreria_contrapartes","id_contraparte","char(8)","NO","PRI","lower(substr(replace(uuid(),_utf8mb3\'-\',_utf8mb4\'\'),1,8))","DEFAULT_GENERATED"
"tesoreria_contrapartes","razon_social","varchar(100)","NO","","",""
"tesoreria_contrapartes","contacto","varchar(100)","YES","","",""
"tesoreria_contrapartes","telefono_sms","varchar(10)","YES","","",""
"tesoreria_contrapartes","email","varchar(100)","NO","","",""
"tesoreria_contrapartes","comentarios","text","YES","","",""
"tesoreria_contrapartes","permiso","varchar(255)","YES","","",""
"tesoreria_contrapartes","created_at","timestamp","YES","","now()","DEFAULT_GENERATED"
"tesoreria_contrapartes","updated_at","datetime","YES","","now()","DEFAULT_GENERATED on update CURRENT_TIMESTAMP"
"tesoreria_contrapartes","created_by","varchar(100)","YES","","",""
"tesoreria_contrapartes","updated_by","varchar(100)","YES","","",""
"tesoreria_contrapartes","autorizado_por","varchar(100)","YES","","",""
"tesoreria_contrapartes","apellido_paterno","varchar(100)","YES","","",""
"tesoreria_contrapartes","apellido_materno","varchar(100)","YES","","",""
"tesoreria_contrapartes","tipo_persona","enum('fisica','moral','fisica_act_emp','fideicomiso')","NO","","",""
"tesoreria_contrapartes","genero","enum('MUJER','HOMBRE')","YES","","",""
"tesoreria_contrapartes","cliente","tinyint(1)","NO","","0",""
"tesoreria_contrapartes","proveedor","tinyint(1)","NO","","0",""
"tesoreria_contrapartes_relacion","id_relacion","varchar(8)","NO","PRI","",""
"tesoreria_contrapartes_relacion","id_contraparte","varchar(8)","NO","MUL","",""
"tesoreria_contrapartes_relacion","id_contraparte_relacion","varchar(8)","NO","MUL","",""
"tesoreria_contrapartes_relacion","tipo_relacion","enum('REP LEGAL','BENEF CONTROLADOR')","NO","","",""
"tesoreria_contrapartes_relacion","created_at","datetime","YES","","",""
"tesoreria_contrapartes_relacion","created_by","varchar(100)","YES","","",""
"tesoreria_contrapartes_relacion","updated_at","datetime","YES","","",""
"tesoreria_contrapartes_relacion","updated_by","varchar(100)","YES","","",""
"tesoreria_contratos","id_contrato","varchar(255)","NO","PRI","",""
"tesoreria_contratos","fecha_generacion","date","YES","","",""
"tesoreria_contratos","fecha_vencimiento","date","YES","","",""
"tesoreria_contratos","tipo","enum('INTERNO','EXTERNO')","YES","","",""
"tesoreria_contratos","id_contraparte","char(8)","NO","MUL","",""
"tesoreria_contratos","sociedad","varchar(13)","NO","MUL","",""
"tesoreria_contratos","proyecto","varchar(3)","YES","","",""
"tesoreria_contratos","propiedad","varchar(50)","YES","","",""
"tesoreria_contratos","centro","varchar(100)","YES","","",""
"tesoreria_contratos","tipo_pago","enum('REGULAR','IRREGULAR','UNICO')","YES","","",""
"tesoreria_contratos","frecuencia","enum('MENSUAL','BIMESTRAL','TRIMESTRAL','SEMESTRAL','ANUAL','OTRA','SEMANAL')","YES","","",""
"tesoreria_contratos","duracion","decimal(4,0)","YES","","",""
"tesoreria_contratos","fecha_proyectada","date","YES","","",""
"tesoreria_contratos","moneda","enum('MXP','USD','EUR')","YES","","",""
"tesoreria_contratos","monto_periodo_iva_mxp","decimal(14,2)","YES","","",""
"tesoreria_contratos","monto_total_iva_mxp","decimal(14,2)","YES","","",""
"tesoreria_contratos","concepto_factura","text","YES","","",""
"tesoreria_contratos","link_carpeta","text","YES","","",""
"tesoreria_contratos","link_contrato","text","YES","","",""
"tesoreria_contratos","requiere_factura","tinyint(1)","YES","","",""
"tesoreria_contratos","comentarios","text","YES","","",""
"tesoreria_contratos","status","enum('ACTIVO','INACTIVO')","YES","","",""
"tesoreria_contratos","permiso","varchar(255)","YES","","",""
"tesoreria_contratos","created_at","timestamp","YES","","now()","DEFAULT_GENERATED"
"tesoreria_contratos","updated_at","datetime","YES","","now()","DEFAULT_GENERATED on update CURRENT_TIMESTAMP"
"tesoreria_contratos","created_by","varchar(100)","YES","","",""
"tesoreria_contratos","updated_by","varchar(100)","YES","","",""
"tesoreria_contratos","autorizacion","tinyint(1)","YES","","",""
"tesoreria_cortes_edc","id","char(8)","NO","PRI","",""
"tesoreria_cortes_edc","cuenta","varchar(8)","NO","MUL","",""
"tesoreria_cortes_edc","fecha_final","date","NO","","",""
"tesoreria_cortes_edc","tipo","enum('corte','estado_cuenta')","NO","","",""
"tesoreria_cortes_edc","formato","enum('pdf','excel','csv','otro')","NO","","",""
"tesoreria_cortes_edc","link","varchar(2083)","NO","","",""
"tesoreria_cortes_edc","disponible","tinyint(1)","YES","","",""
"tesoreria_cortes_edc","created_at","datetime","YES","","",""
"tesoreria_cortes_edc","created_by","char(8)","NO","","",""
"tesoreria_cortes_edc","updated_at","datetime","YES","","",""
"tesoreria_cortes_edc","updated_by","char(8)","NO","","",""
"tesoreria_cuentas","id_cuenta_bancaria","varchar(8)","NO","PRI","",""
"tesoreria_cuentas","rfc_razon_social","varchar(50)","YES","","",""
"tesoreria_cuentas","banco","varchar(5)","YES","MUL","",""
"tesoreria_cuentas","cuenta","varchar(20)","YES","","",""
"tesoreria_cuentas","clabe","varchar(18)","YES","","",""
"tesoreria_cuentas","alias","varchar(50)","YES","","",""
"tesoreria_cuentas","label","varchar(100)","YES","","",""
"tesoreria_cuentas","activa","tinyint","YES","","",""
"tesoreria_cuentas","apertura","date","NO","","",""
"tesoreria_cuentas","cierre","date","YES","","",""
"tesoreria_facturas","id","int","NO","PRI","","auto_increment"
"tesoreria_facturas","Comprobante_Version","varchar(10)","YES","","",""
"tesoreria_facturas","Comprobante_Serie","varchar(100)","YES","","",""
"tesoreria_facturas","Comprobante_Folio","varchar(100)","YES","","",""
"tesoreria_facturas","Comprobante_Fecha","datetime","YES","","",""
"tesoreria_facturas","Comprobante_FormaPago","varchar(5)","YES","","",""
"tesoreria_facturas","Comprobante_NoCertificado","varchar(50)","YES","","",""
"tesoreria_facturas","Comprobante_SubTotal","varchar(50)","YES","","",""
"tesoreria_facturas","Comprobante_Moneda","varchar(50)","YES","","",""
"tesoreria_facturas","Comprobante_Exportacion","varchar(5)","YES","","",""
"tesoreria_facturas","Comprobante_TipoCambio","varchar(50)","YES","","",""
"tesoreria_facturas","Comprobante_Total","decimal(18,2)","YES","","",""
"tesoreria_facturas","Comprobante_TipoDeComprobante","varchar(2)","YES","","",""
"tesoreria_facturas","Comprobante_MetodoPago","varchar(5)","YES","","",""
"tesoreria_facturas","Comprobante_LugarExpedicion","varchar(300)","YES","","",""
"tesoreria_facturas","TipoRelacion","varchar(5)","YES","","",""
"tesoreria_facturas","UUID_Relacionado","varchar(50)","YES","MUL","",""
"tesoreria_facturas","Emisor_Rfc","varchar(13)","YES","","",""
"tesoreria_facturas","Emisor_Nombre","varchar(255)","YES","","",""
"tesoreria_facturas","Emisor_RegimenFiscal","varchar(200)","YES","","",""
"tesoreria_facturas","Receptor_Rfc","varchar(13)","YES","","",""
"tesoreria_facturas","Receptor_Nombre","varchar(255)","YES","","",""
"tesoreria_facturas","Receptor_DomicilioFiscalReceptor","varchar(200)","YES","","",""
"tesoreria_facturas","Receptor_RegimenFiscalReceptor","varchar(5)","YES","","",""
"tesoreria_facturas","Receptor_UsoCFDI","varchar(5)","YES","","",""
"tesoreria_facturas","Timbre_Version","varchar(5)","YES","","",""
"tesoreria_facturas","Timbre_UUID","varchar(50)","NO","UNI","",""
"tesoreria_facturas","Timbre_FechaTimbrado","datetime","YES","","",""
"tesoreria_facturas","Timbre_RfcProvCertif","varchar(13)","YES","","",""
"tesoreria_facturas","Timbre_NoCertificadoSAT","varchar(30)","YES","","",""
"tesoreria_facturas","tipo_factura","varchar(50)","YES","","",""
"tesoreria_facturas","link_pdf","text","YES","","",""
"tesoreria_facturas","created_at","timestamp","NO","","now()","DEFAULT_GENERATED"
"tesoreria_facturas","updated_at","datetime","YES","","CURRENT_TIMESTAMP","DEFAULT_GENERATED on update CURRENT_TIMESTAMP"
"tesoreria_facturas","created_by","varchar(100)","YES","","",""
"tesoreria_facturas","updated_by","varchar(100)","YES","","",""
"tesoreria_facturas","estado","varchar(50)","YES","","",""
"tesoreria_flujos","id_flujo","varchar(255)","NO","PRI","",""
"tesoreria_flujos","id_contrato","varchar(255)","YES","MUL","",""
"tesoreria_flujos","id_empleado","varchar(255)","YES","MUL","",""
"tesoreria_flujos","id_requisicion","varchar(255)","YES","","",""
"tesoreria_flujos","fecha_efectiva","date","YES","","",""
"tesoreria_flujos","concepto","text","YES","","",""
"tesoreria_flujos","reembolso","tinyint(1)","YES","","",""
"tesoreria_flujos","id_empleado_reembolso","varchar(255)","YES","MUL","",""
"tesoreria_flujos","cuenta","varchar(8)","NO","MUL","",""
"tesoreria_flujos","total_mxp","decimal(14,2)","YES","","",""
"tesoreria_flujos","autorizacion","tinyint(1)","YES","","",""
"tesoreria_flujos","autorizado_por","varchar(100)","YES","","",""
"tesoreria_flujos","fecha_autorizacion","date","YES","","",""
"tesoreria_flujos","link_referencia","text","YES","","",""
"tesoreria_flujos","pagado","tinyint(1)","YES","","",""
"tesoreria_flujos","fecha_pago","date","YES","","",""
"tesoreria_flujos","fecha_pago_original","date","YES","","",""
"tesoreria_flujos","descripcion_pago","varchar(150)","YES","","",""
"tesoreria_flujos","link_comprobante_banco","text","YES","","",""
"tesoreria_flujos","factura_uuid","varchar(50)","YES","MUL","",""
"tesoreria_flujos","complemento_uuid","varchar(255)","YES","MUL","",""
"tesoreria_flujos","nomina_uuid","varchar(50)","YES","MUL","",""
"tesoreria_flujos","estado_cfdi","varchar(50)","YES","","",""
"tesoreria_flujos","comprobacion_asignada_a","varchar(100)","YES","","",""
"tesoreria_flujos","aprobacion_lista","tinyint(1)","YES","","",""
"tesoreria_flujos","validacion_estado","enum('PENDIENTE','APROBADA','RECHAZADA')","YES","","",""
"tesoreria_flujos","permiso_enviar_pago","varchar(50)","YES","","",""
"tesoreria_flujos","informacion_envio","text","YES","","",""
"tesoreria_flujos","ultimo_envio","timestamp","YES","","",""
"tesoreria_flujos","comentarios","text","YES","","",""
"tesoreria_flujos","permiso","varchar(255)","YES","","",""
"tesoreria_flujos","requiere_complemento","tinyint(1)","YES","","",""
"tesoreria_flujos","created_at","timestamp","YES","","now()","DEFAULT_GENERATED"
"tesoreria_flujos","updated_at","datetime","YES","","now()","DEFAULT_GENERATED on update CURRENT_TIMESTAMP"
"tesoreria_flujos","created_by","varchar(100)","YES","","",""
"tesoreria_flujos","updated_by","varchar(100)","YES","","",""
"tesoreria_notas_credito","id","int","NO","PRI","","auto_increment"
"tesoreria_notas_credito","Comprobante_Version","varchar(10)","YES","","",""
"tesoreria_notas_credito","Comprobante_Serie","varchar(100)","YES","","",""
"tesoreria_notas_credito","Comprobante_Folio","varchar(100)","YES","","",""
"tesoreria_notas_credito","Comprobante_Fecha","datetime","YES","","",""
"tesoreria_notas_credito","Comprobante_FormaPago","varchar(5)","YES","","",""
"tesoreria_notas_credito","Comprobante_NoCertificado","varchar(30)","YES","","",""
"tesoreria_notas_credito","Comprobante_SubTotal","decimal(18,2)","YES","","",""
"tesoreria_notas_credito","Comprobante_Moneda","varchar(100)","YES","","",""
"tesoreria_notas_credito","Comprobante_Exportacion","varchar(5)","YES","","",""
"tesoreria_notas_credito","Comprobante_TipoCambio","varchar(50)","YES","","",""
"tesoreria_notas_credito","Comprobante_Total","decimal(18,2)","YES","","",""
"tesoreria_notas_credito","Comprobante_TipoDeComprobante","varchar(2)","YES","","",""
"tesoreria_notas_credito","Comprobante_MetodoPago","varchar(5)","YES","","",""
"tesoreria_notas_credito","Comprobante_LugarExpedicion","varchar(200)","YES","","",""
"tesoreria_notas_credito","TipoRelacion","varchar(5)","YES","","",""
"tesoreria_notas_credito","UUID_Relacionado","varchar(50)","YES","MUL","",""
"tesoreria_notas_credito","Emisor_Rfc","varchar(13)","YES","","",""
"tesoreria_notas_credito","Emisor_Nombre","varchar(255)","YES","","",""
"tesoreria_notas_credito","Emisor_RegimenFiscal","varchar(5)","YES","","",""
"tesoreria_notas_credito","Receptor_Rfc","varchar(13)","YES","","",""
"tesoreria_notas_credito","Receptor_Nombre","varchar(255)","YES","","",""
"tesoreria_notas_credito","Receptor_DomicilioFiscalReceptor","varchar(10)","YES","","",""
"tesoreria_notas_credito","Receptor_RegimenFiscalReceptor","varchar(5)","YES","","",""
"tesoreria_notas_credito","Receptor_UsoCFDI","varchar(5)","YES","","",""
"tesoreria_notas_credito","Timbre_Version","varchar(5)","YES","","",""
"tesoreria_notas_credito","Timbre_UUID","varchar(50)","NO","UNI","",""
"tesoreria_notas_credito","Timbre_FechaTimbrado","datetime","YES","","",""
"tesoreria_notas_credito","Timbre_RfcProvCertif","varchar(13)","YES","","",""
"tesoreria_notas_credito","Timbre_NoCertificadoSAT","varchar(30)","YES","","",""
"tesoreria_notas_credito","tipo_factura","varchar(50)","YES","","",""
"tesoreria_notas_credito","link_pdf","text","YES","","",""
"tesoreria_notas_credito","created_at","timestamp","NO","","now()","DEFAULT_GENERATED"
"tesoreria_notas_credito","updated_at","datetime","YES","","CURRENT_TIMESTAMP","DEFAULT_GENERATED on update CURRENT_TIMESTAMP"
"tesoreria_notas_credito","created_by","varchar(100)","YES","","",""
"tesoreria_notas_credito","updated_by","varchar(100)","YES","","",""
"tesoreria_notas_credito","estado","varchar(50)","YES","","",""
"tesoreria_rec_nominas","id","int","NO","PRI","","auto_increment"
"tesoreria_rec_nominas","Version","varchar(5)","YES","","",""
"tesoreria_rec_nominas","Fecha","datetime","YES","","",""
"tesoreria_rec_nominas","Moneda","varchar(5)","YES","","",""
"tesoreria_rec_nominas","TipoDeComprobante","char(1)","YES","","",""
"tesoreria_rec_nominas","Exportacion","char(2)","YES","","",""
"tesoreria_rec_nominas","MetodoPago","varchar(5)","YES","","",""
"tesoreria_rec_nominas","Serie","varchar(20)","YES","","",""
"tesoreria_rec_nominas","Folio","varchar(20)","YES","","",""
"tesoreria_rec_nominas","LugarExpedicion","varchar(10)","YES","","",""
"tesoreria_rec_nominas","SubTotal","decimal(12,2)","YES","","",""
"tesoreria_rec_nominas","Descuento","varchar(50)","YES","","",""
"tesoreria_rec_nominas","Total","decimal(12,2)","YES","","",""
"tesoreria_rec_nominas","Emisor_RegimenFiscal","varchar(5)","YES","","",""
"tesoreria_rec_nominas","Emisor_Rfc","varchar(13)","YES","","",""
"tesoreria_rec_nominas","Emisor_Nombre","varchar(255)","YES","","",""
"tesoreria_rec_nominas","Receptor_Rfc","varchar(13)","YES","","",""
"tesoreria_rec_nominas","Receptor_Nombre","varchar(255)","YES","","",""
"tesoreria_rec_nominas","Receptor_DomicilioFiscalReceptor","varchar(10)","YES","","",""
"tesoreria_rec_nominas","Receptor_RegimenFiscalReceptor","varchar(5)","YES","","",""
"tesoreria_rec_nominas","Receptor_UsoCFDI","varchar(5)","YES","","",""
"tesoreria_rec_nominas","Concepto_ClaveProdServ","varchar(10)","YES","","",""
"tesoreria_rec_nominas","Concepto_Cantidad","decimal(10,2)","YES","","",""
"tesoreria_rec_nominas","Concepto_ClaveUnidad","varchar(5)","YES","","",""
"tesoreria_rec_nominas","Concepto_Descripcion","varchar(100)","YES","","",""
"tesoreria_rec_nominas","Concepto_ObjetoImp","varchar(5)","YES","","",""
"tesoreria_rec_nominas","Concepto_ValorUnitario","decimal(12,2)","YES","","",""
"tesoreria_rec_nominas","Concepto_Importe","decimal(12,2)","YES","","",""
"tesoreria_rec_nominas","Concepto_Descuento","varchar(50)","YES","","",""
"tesoreria_rec_nominas","Nomina_Version","varchar(5)","YES","","",""
"tesoreria_rec_nominas","Nomina_TipoNomina","char(1)","YES","","",""
"tesoreria_rec_nominas","Nomina_FechaPago","date","YES","","",""
"tesoreria_rec_nominas","Nomina_FechaInicialPago","date","YES","","",""
"tesoreria_rec_nominas","Nomina_FechaFinalPago","date","YES","","",""
"tesoreria_rec_nominas","Nomina_NumDiasPagados","varchar(50)","YES","","",""
"tesoreria_rec_nominas","Nomina_TotalPercepciones","varchar(50)","YES","","",""
"tesoreria_rec_nominas","Nomina_TotalDeducciones","varchar(50)","YES","","",""
"tesoreria_rec_nominas","Nomina_TotalOtrosPagos","varchar(50)","YES","","",""
"tesoreria_rec_nominas","RegistroPatronal","varchar(20)","YES","","",""
"tesoreria_rec_nominas","NomReceptor_Curp","varchar(18)","YES","","",""
"tesoreria_rec_nominas","NomReceptor_NumSeguridadSocial","varchar(20)","YES","","",""
"tesoreria_rec_nominas","NomReceptor_FechaInicioRelLaboral","varchar(50)","YES","","",""
"tesoreria_rec_nominas","NomReceptor_Antigüedad","varchar(10)","YES","","",""
"tesoreria_rec_nominas","NomReceptor_TipoContrato","varchar(3)","YES","","",""
"tesoreria_rec_nominas","NomReceptor_Sindicalizado","varchar(3)","YES","","",""
"tesoreria_rec_nominas","NomReceptor_TipoJornada","varchar(3)","YES","","",""
"tesoreria_rec_nominas","NomReceptor_TipoRegimen","varchar(3)","YES","","",""
"tesoreria_rec_nominas","NomReceptor_NumEmpleado","varchar(20)","YES","","",""
"tesoreria_rec_nominas","NomReceptor_Departamento","varchar(50)","YES","","",""
"tesoreria_rec_nominas","NomReceptor_Puesto","varchar(50)","YES","","",""
"tesoreria_rec_nominas","NomReceptor_RiesgoPuesto","varchar(2)","YES","","",""
"tesoreria_rec_nominas","NomReceptor_PeriodicidadPago","varchar(3)","YES","","",""
"tesoreria_rec_nominas","NomReceptor_SalarioBaseCotApor","varchar(50)","YES","","",""
"tesoreria_rec_nominas","NomReceptor_SalarioDiarioIntegrado","varchar(50)","YES","","",""
"tesoreria_rec_nominas","NomReceptor_ClaveEntFed","varchar(5)","YES","","",""
"tesoreria_rec_nominas","Percepciones_TotalSueldos","varchar(50)","YES","","",""
"tesoreria_rec_nominas","Percepciones_TotalGravado","varchar(50)","YES","","",""
"tesoreria_rec_nominas","Percepciones_TotalExento","varchar(50)","YES","","",""
"tesoreria_rec_nominas","Percepcion_TipoPercepcion","varchar(3)","YES","","",""
"tesoreria_rec_nominas","Percepcion_Clave","varchar(10)","YES","","",""
"tesoreria_rec_nominas","Percepcion_Concepto","varchar(100)","YES","","",""
"tesoreria_rec_nominas","Percepcion_ImporteGravado","varchar(50)","YES","","",""
"tesoreria_rec_nominas","Percepcion_ImporteExento","varchar(50)","YES","","",""
"tesoreria_rec_nominas","Deducciones_TotalOtrasDeducciones","varchar(50)","YES","","",""
"tesoreria_rec_nominas","Deducciones_TotalImpuestosRetenidos","varchar(50)","YES","","",""
"tesoreria_rec_nominas","Deduccion_TipoDeduccion","varchar(3)","YES","","",""
"tesoreria_rec_nominas","Deduccion_Clave","varchar(10)","YES","","",""
"tesoreria_rec_nominas","Deduccion_Concepto","varchar(100)","YES","","",""
"tesoreria_rec_nominas","Deduccion_Importe","varchar(50)","YES","","",""
"tesoreria_rec_nominas","OtroPago_TipoOtroPago","varchar(3)","YES","","",""
"tesoreria_rec_nominas","OtroPago_Clave","varchar(10)","YES","","",""
"tesoreria_rec_nominas","OtroPago_Concepto","varchar(100)","YES","","",""
"tesoreria_rec_nominas","OtroPago_Importe","varchar(50)","YES","","",""
"tesoreria_rec_nominas","SubsidioCausado","varchar(50)","YES","","",""
"tesoreria_rec_nominas","Timbre_Version","varchar(5)","YES","","",""
"tesoreria_rec_nominas","Timbre_UUID","varchar(50)","YES","UNI","",""
"tesoreria_rec_nominas","Timbre_FechaTimbrado","datetime","YES","","",""
"tesoreria_rec_nominas","Timbre_RfcProvCertif","varchar(13)","YES","","",""
"tesoreria_rec_nominas","tipo_factura","varchar(50)","YES","","",""
"tesoreria_rec_nominas","link_pdf","text","YES","","",""
"tesoreria_rec_nominas","created_at","timestamp","NO","","now()","DEFAULT_GENERATED"
"tesoreria_rec_nominas","updated_at","datetime","YES","","CURRENT_TIMESTAMP","DEFAULT_GENERATED on update CURRENT_TIMESTAMP"
"tesoreria_rec_nominas","created_by","varchar(100)","YES","","",""
"tesoreria_rec_nominas","updated_by","varchar(100)","YES","","",""
"tesoreria_rec_nominas","estado","varchar(50)","YES","","",""
"tesoreria_saldos","id","char(50)","NO","PRI","",""
"tesoreria_saldos","fecha","date","NO","MUL","",""
"tesoreria_saldos","cuenta","varchar(50)","NO","MUL","",""
"tesoreria_saldos","saldo","decimal(18,2)","NO","","0.00",""
"tesoreria_saldos","cambio_dinero","decimal(18,2)","YES","","",""
"tesoreria_saldos","cambio_porcentual","decimal(8,4)","YES","","",""
"tickets","id_ticket","char(8)","NO","PRI","",""
"tickets","id_subproyecto","char(8)","NO","MUL","",""
"tickets","denominacion","varchar(255)","NO","","",""
"tickets","categoria","varchar(255)","YES","","",""
"tickets","descripcion","varchar(500)","YES","","",""
"tickets","asignado_a","char(8)","NO","MUL","",""
"tickets","prioridad","enum('ALTA','MEDIA','BAJA')","NO","","BAJA",""
"tickets","fecha_inicio_prog","date","YES","","",""
"tickets","fecha_inicio_real","date","YES","","",""
"tickets","fecha_fin_prog","date","NO","","",""
"tickets","fecha_fin_real","date","YES","","",""
"tickets","estimacion_horas","decimal(10,2)","NO","","",""
"tickets","carpeta","varchar(2083)","YES","","",""
"tickets","instrucciones_entrega","varchar(500)","YES","","",""
"tickets","comentarios","varchar(500)","YES","","",""
"tickets","created_at","datetime","YES","","",""
"tickets","created_by","char(8)","NO","MUL","",""
"tickets","updated_at","datetime","YES","","",""
"tickets","updated_by","char(8)","NO","MUL","",""
"tickets_centros","id_tickets_centro","char(8)","NO","PRI","",""
"tickets_centros","denominacion","varchar(255)","NO","","",""
"tickets_centros","descripcion","varchar(500)","YES","","",""
"tickets_centros","comentarios","varchar(500)","YES","","",""
"tickets_centros","created_at","datetime","YES","","",""
"tickets_centros","created_by","char(8)","NO","MUL","",""
"tickets_centros","updated_at","datetime","YES","","",""
"tickets_centros","updated_by","char(8)","NO","MUL","",""
"tickets_dependencias","id_dependencia","char(8)","NO","PRI","",""
"tickets_dependencias","predecesora","char(8)","YES","MUL","",""
"tickets_dependencias","sucesora","char(8)","YES","MUL","",""
"tickets_dependencias","tipo","enum('ESTRICTO','FLEXIBLE')","NO","","ESTRICTO",""
"tickets_dependencias","ventaja_desfase_dias","int","NO","","",""
"tickets_dependencias","comentarios","varchar(500)","YES","","",""
"tickets_dependencias","created_at","datetime","YES","","",""
"tickets_dependencias","created_by","char(8)","NO","MUL","",""
"tickets_dependencias","updated_at","datetime","YES","","",""
"tickets_dependencias","updated_by","char(8)","NO","MUL","",""
"tickets_log","id_log","char(8)","NO","PRI","",""
"tickets_log","id_ticket","char(8)","NO","MUL","",""
"tickets_log","accion","enum('COMENTARIO','ACTUALIZACION','CARGA ARCHIVO','CAMBIO ASIGNACION','OTRO')","NO","","ACTUALIZACION",""
"tickets_log","comentario","varchar(500)","YES","","",""
"tickets_log","progreso_nuevo","decimal(5,2)","NO","","",""
"tickets_log","horas_incurridas","decimal(5,2)","NO","","",""
"tickets_log","descripcion_archivo","varchar(250)","YES","","",""
"tickets_log","url_archivo","varchar(2083)","YES","","",""
"tickets_log","created_at","datetime","YES","","",""
"tickets_log","created_by","char(8)","NO","MUL","",""
"tickets_log","updated_at","datetime","YES","","",""
"tickets_log","updated_by","char(8)","NO","MUL","",""
"tickets_proyectos","id_proyecto","char(8)","NO","PRI","",""
"tickets_proyectos","denominacion","varchar(255)","NO","","",""
"tickets_proyectos","descripcion","varchar(500)","YES","","",""
"tickets_proyectos","centro","char(8)","NO","MUL","",""
"tickets_proyectos","carpeta","varchar(2083)","YES","","",""
"tickets_proyectos","responsable","char(8)","NO","MUL","",""
"tickets_proyectos","estado","enum('PLANEADO','EN CURSO','COMPLETADO','CANCELADO')","NO","","PLANEADO",""
"tickets_proyectos","vencimiento","date","YES","","",""
"tickets_proyectos","fecha_inicio","date","YES","","",""
"tickets_proyectos","fecha_fin","date","YES","","",""
"tickets_proyectos","progreso","decimal(5,2)","YES","","",""
"tickets_proyectos","comentarios","varchar(500)","YES","","",""
"tickets_proyectos","created_at","datetime","YES","","",""
"tickets_proyectos","created_by","char(8)","NO","MUL","",""
"tickets_proyectos","updated_at","datetime","YES","","",""
"tickets_proyectos","updated_by","char(8)","NO","MUL","",""
"tickets_proyectos_participantes","id_proyectos_part","char(8)","NO","PRI","",""
"tickets_proyectos_participantes","id_proyecto","char(8)","NO","MUL","",""
"tickets_proyectos_participantes","id_participante","char(8)","NO","MUL","",""
"tickets_proyectos_participantes","comentarios","varchar(500)","YES","","",""
"tickets_proyectos_participantes","created_at","datetime","YES","","",""
"tickets_proyectos_participantes","created_by","char(8)","NO","MUL","",""
"tickets_proyectos_participantes","updated_at","datetime","YES","","",""
"tickets_proyectos_participantes","updated_by","char(8)","NO","MUL","",""
"tickets_subproyectos","id_subproyecto","char(8)","NO","PRI","",""
"tickets_subproyectos","id_proyecto","varchar(36)","NO","MUL","",""
"tickets_subproyectos","sociedad","varchar(13)","NO","MUL","",""
"tickets_subproyectos","denominacion","varchar(255)","NO","","",""
"tickets_subproyectos","descripcion","varchar(500)","YES","","",""
"tickets_subproyectos","carpeta","varchar(2083)","YES","","",""
"tickets_subproyectos","responsable","char(8)","NO","MUL","",""
"tickets_subproyectos","estado","enum('PLANEADO','EN CURSO','COMPLETADO','CANCELADO')","NO","","PLANEADO",""
"tickets_subproyectos","vencimiento","date","YES","","",""
"tickets_subproyectos","fecha_inicio","date","YES","","",""
"tickets_subproyectos","fecha_fin","date","YES","","",""
"tickets_subproyectos","progreso","decimal(5,2)","YES","","",""
"tickets_subproyectos","comentarios","varchar(500)","YES","","",""
"tickets_subproyectos","created_at","datetime","YES","","",""
"tickets_subproyectos","created_by","char(8)","NO","MUL","",""
"tickets_subproyectos","updated_at","datetime","YES","","",""
"tickets_subproyectos","updated_by","char(8)","NO","MUL","",""
"vivienda_listado","id_vivienda","char(8)","NO","PRI","",""
"vivienda_listado","id_proyecto","char(8)","NO","MUL","",""
"vivienda_listado","num_oficial","varchar(25)","YES","","",""
"vivienda_listado","etapa","varchar(25)","YES","","",""
"vivienda_listado","balcones_m2","decimal(14,2)","YES","","",""
"vivienda_listado","bodega_m2","decimal(14,2)","YES","","",""
"vivienda_listado","habitaciones","int","YES","","",""
"vivienda_listado","cajones_est","decimal(14,0)","YES","","",""
"vivienda_listado","calle","text","YES","","",""
"vivienda_listado","cuv","varchar(255)","YES","","",""
"vivienda_listado","denominacion","varchar(255)","YES","","",""
"vivienda_listado","disponible","tinyint(1)","YES","","",""
"vivienda_listado","fachada","varchar(255)","YES","","",""
"vivienda_listado","fondo_m2","decimal(14,2)","YES","","",""
"vivienda_listado","frente_m2","decimal(14,2)","YES","","",""
"vivienda_listado","lote","varchar(255)","YES","","",""
"vivienda_listado","modelo","varchar(255)","YES","","",""
"vivienda_listado","muestra","tinyint(1)","YES","","",""
"vivienda_listado","mz","varchar(255)","YES","","",""
"vivienda_listado","patio_m2","decimal(14,2)","YES","","",""
"vivienda_listado","piso","varchar(255)","YES","","",""
"vivienda_listado","precio_lista","decimal(14,2)","YES","","",""
"vivienda_listado","sup_const_m2","decimal(14,2)","YES","","",""
"vivienda_listado","sup_terreno_m2","decimal(14,2)","YES","","",""
"vivienda_listado","terraza_m2","decimal(14,2)","YES","","",""
"vivienda_listado","tipo","varchar(255)","YES","","",""
"vivienda_listado","torre","varchar(255)","YES","","",""
"vivienda_listado","comentarios","varchar(500)","YES","","",""
"vivienda_listado","created_at","datetime","YES","","",""
"vivienda_listado","created_by","char(8)","NO","MUL","",""
"vivienda_listado","updated_at","datetime","YES","","",""
"vivienda_listado","updated_by","char(8)","NO","MUL","",""
"vivienda_proyectos","id_proyecto","char(8)","NO","PRI","",""
"vivienda_proyectos","alias_proyecto","varchar(5)","YES","","",""
"vivienda_proyectos","denominacion","varchar(250)","YES","","",""
"vivienda_proyectos","propietario","varchar(13)","YES","MUL","",""
"vivienda_proyectos","dom_calle","varchar(150)","NO","","",""
"vivienda_proyectos","dom_numero_ext","varchar(50)","NO","","",""
"vivienda_proyectos","dom_numero_int","varchar(50)","NO","","",""
"vivienda_proyectos","dom_colonia","varchar(100)","NO","","",""
"vivienda_proyectos","dom_municipio_alcaldia","varchar(255)","NO","","",""
"vivienda_proyectos","dom_estado","varchar(255)","NO","","",""
"vivienda_proyectos","dom_cp","varchar(10)","NO","","",""
"vivienda_proyectos","dom_pais","varchar(100)","NO","","",""
"vivienda_proyectos","link_carpeta","varchar(2083)","YES","","",""
"vivienda_proyectos","comentarios","varchar(500)","YES","","",""
"vivienda_proyectos","created_at","datetime","YES","","",""
"vivienda_proyectos","created_by","char(8)","NO","MUL","",""
"vivienda_proyectos","updated_at","datetime","YES","","",""
"vivienda_proyectos","updated_by","char(8)","NO","MUL","",""
"vivienda_rel_expediente_clientes","id_rel_viv_exp_cliente","char(8)","NO","PRI","",""
"vivienda_rel_expediente_clientes","id_expediente","char(8)","NO","MUL","",""
"vivienda_rel_expediente_clientes","id_contraparte","varchar(8)","NO","MUL","",""
"vivienda_rel_expediente_clientes","tipo","enum('ACREDITADO','COACREDITADO')","NO","","ACREDITADO",""
"vivienda_rel_expediente_clientes","emp_razon_social","varchar(100)","YES","","",""
"vivienda_rel_expediente_clientes","emp_contacto_empleador","varchar(100)","YES","","",""
"vivienda_rel_expediente_clientes","emp_telefono_empleador","varchar(10)","YES","","",""
"vivienda_rel_expediente_clientes","emp_email_empleador","varchar(100)","YES","","",""
"vivienda_rel_expediente_clientes","emp_antiguedad_anos","decimal(2,0)","YES","","",""
"vivienda_rel_expediente_clientes","emp_antiguedad_meses","decimal(2,0)","YES","","",""
"vivienda_rel_expediente_clientes","emp_dom_calle","varchar(150)","YES","","",""
"vivienda_rel_expediente_clientes","emp_dom_colonia","varchar(100)","YES","","",""
"vivienda_rel_expediente_clientes","emp_dom_cp","varchar(10)","YES","","",""
"vivienda_rel_expediente_clientes","emp_dom_estado","varchar(255)","YES","","",""
"vivienda_rel_expediente_clientes","emp_dom_municipio_alcaldia","varchar(255)","YES","","",""
"vivienda_rel_expediente_clientes","emp_dom_numero_ext","varchar(50)","YES","","",""
"vivienda_rel_expediente_clientes","emp_dom_numero_int","varchar(50)","YES","","",""
"vivienda_rel_expediente_clientes","emp_puesto","varchar(100)","YES","","",""
"vivienda_rel_expediente_clientes","nss","varchar(11)","YES","","",""
"vivienda_rel_expediente_clientes","dependientes_econ","int","YES","","",""
"vivienda_rel_expediente_clientes","ingreso_men_honorarios","decimal(14,2)","YES","","",""
"vivienda_rel_expediente_clientes","ingreso_men_nomina","decimal(14,2)","YES","","",""
"vivienda_rel_expediente_clientes","ingreso_men_otros","decimal(14,2)","YES","","",""
"vivienda_rel_expediente_clientes","nombre_referencia","varchar(100)","YES","","",""
"vivienda_rel_expediente_clientes","email_referencia","varchar(100)","YES","","",""
"vivienda_rel_expediente_clientes","telefono_referencia","varchar(10)","YES","","",""
"vivienda_rel_expediente_clientes","tipo_credito_prin","varchar(255)","YES","","",""
"vivienda_rel_expediente_clientes","tipo_credito_sec","varchar(255)","YES","","",""
"vivienda_rel_expediente_clientes","comentarios","varchar(500)","YES","","",""
"vivienda_rel_expediente_clientes","created_at","datetime","YES","","",""
"vivienda_rel_expediente_clientes","created_by","char(8)","NO","MUL","",""
"vivienda_rel_expediente_clientes","updated_at","datetime","YES","","",""
"vivienda_rel_expediente_clientes","updated_by","char(8)","NO","MUL","",""
"vivienda_ventas_asesores","id_asesor","char(8)","NO","PRI","",""
"vivienda_ventas_asesores","nombre","varchar(100)","NO","","",""
"vivienda_ventas_asesores","telefono_sms","varchar(10)","YES","","",""
"vivienda_ventas_asesores","email","varchar(100)","NO","","",""
"vivienda_ventas_asesores","contacto","varchar(100)","YES","","",""
"vivienda_ventas_asesores","persona_moral","tinyint(1)","NO","","",""
"vivienda_ventas_asesores","razon_social","varchar(100)","YES","","",""
"vivienda_ventas_asesores","porc_comision","decimal(2,2)","NO","","",""
"vivienda_ventas_asesores","rfc_afiliacion","varchar(13)","YES","","",""
"vivienda_ventas_asesores","comentarios","varchar(500)","YES","","",""
"vivienda_ventas_asesores","created_at","datetime","YES","","",""
"vivienda_ventas_asesores","created_by","char(8)","NO","MUL","",""
"vivienda_ventas_asesores","updated_at","datetime","YES","","",""
"vivienda_ventas_asesores","updated_by","char(8)","NO","MUL","",""
"vivienda_ventas_expedientes","id_expediente","char(8)","NO","PRI","",""
"vivienda_ventas_expedientes","id_vivienda","char(8)","NO","MUL","",""
"vivienda_ventas_expedientes","id_asesor","char(8)","NO","MUL","",""
"vivienda_ventas_expedientes","id_contrato","varchar(255)","NO","MUL","",""
"vivienda_ventas_expedientes","estado","enum('PENDIENTE','EN PROCESO','CONCLUIDO','CANCELADO')","NO","","PENDIENTE",""
"vivienda_ventas_expedientes","fecha_cierre","date","YES","","",""
"vivienda_ventas_expedientes","link_expediente","varchar(2083)","YES","","",""
"vivienda_ventas_expedientes","comentarios","varchar(500)","YES","","",""
"vivienda_ventas_expedientes","created_at","datetime","YES","","",""
"vivienda_ventas_expedientes","created_by","char(8)","NO","MUL","",""
"vivienda_ventas_expedientes","updated_at","datetime","YES","","",""
"vivienda_ventas_expedientes","updated_by","char(8)","NO","MUL","",""
"vivienda_ventas_expedientes_items","id_item","char(8)","NO","PRI","",""
"vivienda_ventas_expedientes_items","id_expediente","char(8)","NO","MUL","",""
"vivienda_ventas_expedientes_items","denominacion","varchar(250)","YES","","",""
"vivienda_ventas_expedientes_items","detalles_adicionales","varchar(500)","YES","","",""
"vivienda_ventas_expedientes_items","status","enum('PENDIENTE','INCOMPLETO','ENTREGADO','APROBADO')","NO","","PENDIENTE",""
"vivienda_ventas_expedientes_items","link_documento","varchar(2083)","YES","","",""
"vivienda_ventas_expedientes_items","fecha_solicitud","date","YES","","",""
"vivienda_ventas_expedientes_items","fecha_limite","date","NO","","",""
"vivienda_ventas_expedientes_items","fecha_entrega","date","YES","","",""
"vivienda_ventas_expedientes_items","fecha_cierre","date","YES","","",""
"vivienda_ventas_expedientes_items","comentarios","varchar(500)","YES","","",""
"vivienda_ventas_expedientes_items","created_at","datetime","YES","","",""
"vivienda_ventas_expedientes_items","created_by","char(8)","NO","MUL","",""
"vivienda_ventas_expedientes_items","updated_at","datetime","YES","","",""
"vivienda_ventas_expedientes_items","updated_by","char(8)","NO","MUL","",""
