"id_empleado","apellido_paterno","apellido_materno","nombres","curp","rfc","nss","cta_afore","dom_calle","dom_numero_ext","dom_numero_int","dom_colonia","dom_cp","dom_municipio_alcaldia","dom_estado","estado_civil","fecha_nacimiento","nacimiento_mexico","municipio_nacimiento","estado_nacimiento","lugar_nacimiento_extran","nacionalidad","nombre_padre","nombre_madre","genero","telefono","email","banco","cuenta_banco","tipo_cuenta","link_expediente","estado","created_at","updated_at","created_by","updated_by"
"0314b763","LATINO","FRANCISCO","JOSE","LAFJ920711HPLTRS06","LAFJ9207117N5","17179277375","","TECAMACHALCO","6","","LA PAZ","72160","21114","","CASADO","1992-07-11","1","","21","","MX","JOSE FRANCISCO ANTONIO LATINO","MARIA OCOTLAN FRANCISCO MOLINA","HOMBRE","","","40137","137650103732491877","TDD","https://drive.google.com/drive/folders/1VYfjf-FSs35trw8J7rIoXZLwtQy02nuN?usp=drive_link","ACTIVO","2026-10-01 22:11:19.000000","2026-10-01 22:11:19.000000","",""
"0BA5A34E","SERRANO","JIMÉNEZ","LEODEGARIO","SEJL691002HPLRMD09","SEJL691002NM3","00000000000","-","CAMINO A PAPASCO","SN","-","RINCON CITLALTEPETL","75127","21114","21","","1969-10-02","1","","21","-","MX","MARCELO SERRANO CASTILLO","MAGDALENA JIMENEZ","HOMBRE","-","","90728","004217470146005216","TDD","","INACTIVO","2026-10-01 22:11:19.000000","2026-10-01 22:11:19.000000","",""
"0F422509","RIVERA","HERNANDEZ","RAFAEL","RICR600121HPLVRC02","RIHR9512319S7","27149527510","-","PRIV 20 DE NOVIEMBRE","10","-","CENTRO","72760","21140","21","","1995-12-31","1","21114","21","-","MX","RICARDO RIVERA DEL CARMEN","JUANA HERNANDEZ MARTINEZ","HOMBRE","-","","","-","","","INACTIVO","2026-10-01 22:11:19.000000","2026-10-01 22:11:19.000000","",""
"10f869c9","LOPEZ","OLGUIN","RAUL","LOOR900320HHGPLL00","LOOR900320AW9","13099026828","-","8 DE MAYO","312","","CASTILLO","42020","13048","","CASADO","1990-03-20","1","","13","","MX","ROMAN RAUL LOPEZ CAMPOS","LILIA OLGUIN CABRERA","HOMBRE","","","40012","2885745934","TDD","","ACTIVO","2026-10-01 22:11:19.000000","2026-10-01 22:11:19.000000","",""
"14B8E8B0","PEREZ","JUAREZ","DANIEL MANUEL","PEJD970721HPLRRN07","PEJD9707219R1","27159795551","-","CALLE TEZUITLAN SUR","14","-","CERRO DEL MARQUEZ","72227","21114","21","","1997-07-21","1","","21","-","MX","PASCUAL PEREZ CUATLAXAHUE","AGUSTINA JUAREZ ATLATENCO","HOMBRE","-","","","-","","","INACTIVO","2026-10-01 22:11:19.000000","2026-10-01 22:11:19.000000","",""
"152672B9","MARTINEZ","GUZMAN","JOSE HERMINIO","MAGH781223HPLRZR08","MAGH781223UV1","48017825356","-","EMILIANO ZAPATA","54","1A 603","SANCTORUM","72730","21041","21","","1978-12-23","1","21114","21","-","MX","-","-","HOMBRE","-","","","-","","","INACTIVO","2026-10-01 22:11:19.000000","2026-10-01 22:11:19.000000","",""
"16aca5de","DANIEL","CONTRERAS","SEVERIANO","DACS680221HPLNNVO3","DACS680221D75","02256852381","","MORELOS","37","","BARRIO EL ALTO","72700","21114","","CASADO","1968-02-21","1","21041","21","","MX","CLEMENCIO DANIEL GALINDO","EUSTOLIA CONTRERAS FLORES","HOMBRE","","","40127","4027665892346470","","","INACTIVO","2026-10-01 22:11:19.000000","2026-10-01 22:11:19.000000","",""
"1BE41445","CALLEJA","BERNARDINO","JHON ARTURO","CABJ020912HGRLRHA6","CABJ020912UPA","19220246573","-","CENTRO","SN","-","RIO HONDO","41519","12041","12","","2002-09-12","1","","12","-","MX","ARTURO CALLEJA ABURTO","IRENE BERNARDINO MARTINEZ","HOMBRE","","jhoncallejabernardino@gmail.com","40137","004169160722415511","TDD","","INACTIVO","2026-10-01 22:11:19.000000","2026-10-01 22:11:19.000000","",""
"1ca33c22","AGUILAR","AVILA","JUAN CARLOS","AUAJ930611HPLGVNO7","AUAJ930611GH0","48119340023","","CUAHUTEMOC","8","-","-","72750","21140","","","1993-06-11","1","21140","21","","MX","ADRIAN AGUILAR VELAZQUEZ","TERESA AVILA HERNANDEZ","HOMBRE","","","40127","127180016525073503","","","INACTIVO","2026-10-01 22:11:19.000000","2026-10-01 22:11:19.000000","",""
"1df9d77c","CRUZ","BAUTISTA","BERNARDINO","CUBB871014HMCRTR09","CUBB871014H29","72068733327","-","AV. PROLONGACIÓN SALVADOR DIAZ MIRON","4321","A","DEL MAESTRO","91920","30193","","CASADO","1987-10-14","1","15120","15","","MX","BERNARDINO CRUZ BAUTISTA","PETRA BAUTISTA RODRIGUEZ","HOMBRE","","","40127","004027665876343873","TDD","","ACTIVO","2026-10-01 22:11:19.000000","2026-10-01 22:11:19.000000","",""
"202E45C6","VEGA","SALAZAR","GABINO","VESG800314HPLGLB00","VESG800314HZ1","48018042894","-","CALLE TEZIUTLAN NORTE","68","-","LA PAZ","72160","21114","21","","1980-03-14","1","","21","-","MX","PEDRO VEGA FRANCISCO","MARIA SALAZAR DE VEGA","HOMBRE","-","","","-","","-","INACTIVO","2026-10-01 22:11:19.000000","2026-10-01 22:11:19.000000","",""
"20fc200f","ALEMAN","FLORES","KENIA","AEFK000210MDFLLNA5","AEFK000210IG4","45150003312","-","AV. SANTA CRUZ XOCHITEPEC","43","-","SANTA CRUZ XOCHITEPEC","16100","09013","","SOLTERO","2000-02-10","1","09016","09","","MX","JUAN CARLOS ALEMAN GOMZALEZ","MARIA TERESA FLORES MIRANDA","MUJER","","","40012","012180015482145842","TDD","","ACTIVO","2026-10-01 22:11:19.000000","2026-10-01 22:11:19.000000","",""
"2101000c","PEREZ","CARMONA","MIGUEL ANGEL","PECM931129HMNRRG05","PECM931129CL0","53079302039","","AV. PRESIDENTE MAZARIK","61","PISO 2","CHAPULTEPEC MORALES","11570","09016","","CASADO","1993-11-29","1","","16","","MX","JOSE ANGEL PEREZ MACIEL","MARIA ESTHER CARMONA PEREZ","HOMBRE","","","40127","5263540156013266","PSC","https://drive.google.com/drive/folders/1X1NQ5grEJomFQrnzxZUJyF3vG-7fiJEL?usp=drive_link","INACTIVO","2026-10-01 22:11:19.000000","2026-10-01 22:11:19.000000","",""
"26b9e41b","TORRES","MEXICANO","MICHEL JAVIER","TOMM930209HPLRXC09","TOMM930209UD6","48109310119","","","","","","72700","21041","","CASADO","1993-02-09","1","21041","21","","MX","JAVIER TORRES TORRES","PILAR MEXICANO ZITLE","HOMBRE","","","40127","4027660007227780","","","INACTIVO","2026-10-01 22:11:19.000000","2026-10-01 22:11:19.000000","",""
"284096da","FLORES","FLORES","STEFANI","FOFS930129MPLLLT00","FOFS930129FV5","19169368008","-","21 DE MARZO","204","-","JOL GUA BER","37353","11020","","SOLTERO","1993-01-29","1","21114","21","","MX","ESTEBAN FLORES ZAMORA","MARIA DE LOS ANGELES FLORES MANCILLA","MUJER","","","40137","004169161112981443","TDD","","ACTIVO","2026-10-01 22:11:19.000000","2026-10-01 22:11:19.000000","",""
"2C37B06E","CUAUTLE","COYOTL","ALEJANDRO","CUCA780422HPLTYL04","CUCA780422NF6","48117801778","-","8 SUR","2705","-","ANZURES","72530","21114","21","","1978-04-22","1","21114","21","-","MX","GERARDO CUAUTLE NETZAHUALCOYOTL","MICAELA COYOTL DE CUAUTLE","HOMBRE","-","","","-","","","INACTIVO","2026-10-01 22:11:19.000000","2026-10-01 22:11:19.000000","",""
"2E014765","JIMENEZ","ARIZMENDI","VENANCIO","JIAV850517HVZMRN00","JIAV850517UX3","48048517709","-","AV. 51 PONIENTE","505","118","RESIDENCIAL BOULEVARES","72440","21114","","CASADO","1985-05-17","1","","30","-","MX","DIEGO JIMENEZ PABLO","ELENA ARIZMENDI JIMENEZ","HOMBRE","2223455668","vjtaurus619@gmail.com","40012","012180015853432605","TDD","https://drive.google.com/open?id=1si3Xq5aYGfSREg9Ce_SP9MgRTQQQVlHc&usp=drive_copy","INACTIVO","2026-10-01 22:11:19.000000","2026-10-01 22:11:19.000000","",""
"2E313571","MARTINEZ","SILVESTRE","ROMAN","MASR690106HPLRLM00","MASR690106P71","62916920846","-","54 NORTE","6","103","VILLA VERDE","72303","","21","","1969-01-06","1","21114","21","-","MX","-","-","HOMBRE","-","romansilvermartinez@gmail.com","","-","","","INACTIVO","2026-10-01 22:11:19.000000","2026-10-01 22:11:19.000000","",""
"2EE9D849","PERALTA","MAURO","PAOLA MARIANA","PEMP010113MPLRRLA2","PEMP010113R42","73160159627","-","CALLE ROBLE","18","-","SAN JUAN CUAUTLANCINGO CENTRO","72700","21114","","SOLTERO","2001-01-13","1","","21","-","MX","JUAN CARLOS PERALTA CARREON","ADRIANA MAURO CASTILLO","MUJER","2228405914","pmperalta@cypcumbres.mx","","-","","https://drive.google.com/open?id=1R6kivUhiEDDy2M5q8dscmclwhlhE1xxl&usp=drive_copy","INACTIVO","2026-10-01 22:11:19.000000","2026-10-01 22:11:19.000000","",""
"31ab13b6","DIAZ","MARINEZ","ALL DYLAN","DIMA980922HDFZRL09","DIMA980922HE0","","","","","","","52786","","","SOLTERO","1998-09-22","1","","","","","","","HOMBRE","5612901840","dylan@cypcumbres.com","","","","","INACTIVO","2026-10-01 22:11:19.000000","2026-10-01 22:11:19.000000","",""
"31afcd99","CRUZ","BAUTISTA","BERNARDINO","CUBB520520HMCRTR09","CUBB520520H29","02155220292","-","AV. PASEO DE LA REFORMA","389","PISO 12","CUAUHTEMOC","06500","09015","","CASADO","1952-05-20","1","15120","15","","MX","MELQUIADES CRUZ RAMOS","ANREA BAUTISTA FIGUEROA","HOMBRE","","","40012","012463015905733050","TDD","","ACTIVO","2026-10-01 22:11:19.000000","2026-10-01 22:11:19.000000","",""
"33428997","SILVA","RODRIGUEZ","EDUARDO","SIRE960201HVZLDD07","SIRE960201H30","48119601515","-","COLORINES","MZ18","6","VALLE DEL PARAISO","72498","21114","21","","1996-02-01","1","30193","30","-","MX","-","-","HOMBRE","-","eduardosilvarodriguez43@gmail.com","40012","004152314394606548","TDD","","INACTIVO","2026-10-01 22:11:19.000000","2026-10-01 22:11:19.000000","",""
"338B33C2","SILVA","RODRIGUEZ","FRANCISCO","SIRF980717HVZLDR02","SIRF9807171N0","02159884838","-","COLORINES","SN","18","VALLE DEL PARAISO","72498","21114","","SOLTERO","1998-07-17","1","30128","30","-","MX","FRANCISCO SILVA RODRIGUEZ","TRINIDAD RODRIGUEZ MONTIEL","HOMBRE","2212984977","Kasdek_lga@hotmail.com","90728","004217470195520016","TDD","https://drive.google.com/open?id=1kPgTHlcpow5mPrFvkRPgX37SNPN9iDbf&usp=drive_copy","INACTIVO","2026-10-01 22:11:19.000000","2026-10-01 22:11:19.000000","",""
"35267C36","CARMARGO","TEPETL","FROYLAN","CATF711021HPLMPR05","CATF711021QH5","62877110486","-","5 PONIENTE","1303A","5 PISO B","CENTRO","72000","21114","21","","1971-10-21","1","","21","-","MX","BLAS GAUDENCIO CAMARGO MORALES","ALBINA TEPETL SERRANO","HOMBRE","-","","","-","","","INACTIVO","2026-10-01 22:11:19.000000","2026-10-01 22:11:19.000000","",""
"3652bdfa","ROSALES","ABURTO","LINO","ROAL740923HTLSBN00","ROAL740923BC9","45967403291","-","ANTIGUO CAMINO REAL AL CHOLULA","4220 LOC B","","SANTA CRUZ BUENAVISTA","72150","21114","","CASADO","1974-09-23","1","29007","29","","MX","J. GUADALUPE ROSALES ESPINOZA","MA. CRUZ ABURTO CASTILLO","HOMBRE","","","40127","005263540169583917","TDD","","ACTIVO","2026-10-01 22:11:19.000000","2026-10-01 22:11:19.000000","",""
"39050396","ZACAHUA","FLORES","ALEJANDRO","ZAFA000421HPLCLLA8","ZAFA000421MG1","08220030947","","CDA. PORFIRIO DIAZ","4","","CENTRO","72850","21106","","SOLTERO","2000-04-21","1","21106","PUEBLA","","MX","VICTOR ZACAHUA MORALES","BEATRIZ FLORES ENRIQUEZ","HOMBRE","2211328324","alejandrozacahua0@gmail.com","40012","012180015325607803","","https://drive.google.com/drive/folders/1vG5ZB56dVMKdLZnqY0QJ3M5JuL5OEfPW?usp=drive_link","INACTIVO","2026-10-01 22:11:19.000000","2026-10-01 22:11:19.000000","",""
"3909101D","FELICIANO","JUAREZ","JOSE ANTONIO","FEJA841110HPLLRN01","FEJA841110KN2","48018444835","-","NEXTENGO","78","-","-","02770","09002","09","","1984-11-10","1","","21","-","MX","FAUSTINO FELICIANO JUAREZ","JUDITH JUAREZ MENDOZA","HOMBRE","-","","40137","4.16916E+15","TDD","-","INACTIVO","2026-10-01 22:11:19.000000","2026-10-01 22:11:19.000000","",""
"3B482379","HILARIO","RAMON","DANIEL","HIRD850720HOCLMN06","HIRD850720C11","24048526412","-","ABETO","16","-","FRANCISCO I MADERO","54467","15060","","CASADO","1985-07-20","1","","20","-","MX","LEON HILARIO DIEGO","TERESA RAMON SEGURA","HOMBRE","5638133576","dan1985hr@gmail.com","40137","004169161465856093","TDD","https://drive.google.com/open?id=1Ji2nx0KilUJsZElOXUsVWusQ8eR6YZDn&usp=drive_copy","INACTIVO","2026-10-01 22:11:19.000000","2026-10-01 22:11:19.000000","",""
"400db45b","DANIEL","CONTRERAS","SEVERIANO","DACS680221HPLNNV03","DACS680221D75","02256852381","","MORELOS","37","","BARRIO EL ALTO","72700","21114","","CASADO","1968-02-21","1","","21","","MX","CLEMENCIO DANIEL GALINDO","EUSTOLIA CONTRERAS FLORES","HOMBRE","","","40127","004027665892346470","TDD","https://drive.google.com/drive/folders/1ERlgYIDH3REAeByySvBhv6wVCQNeDKpl?usp=drive_link","ACTIVO","2026-10-01 22:11:19.000000","2026-10-01 22:11:19.000000","",""
"4323FFC9","SEMITA","ALONSO","FIDEL LORENZO","SEAF850323HPLMLD01","SEAF850323L70","48058526368","-","PRIV. HUAMANTLA","8","-","LA PAZ","72160","21114","21","","1985-03-23","1","","21","-","MX","CLEMENTE SEMITA ZAPOTITLA","ASCENCION ALONSO MELGA","HOMBRE","-","","","-","","","INACTIVO","2026-10-01 22:11:19.000000","2026-10-01 22:11:19.000000","",""
"446932c8","GOMEZ","SANCHEZ","MATIAS","GOSM991106HPLMNT07","GOSM9911065D9","34139902349","","AV. 23 PONIENTE","1704 A","1","BARRIO DE SANTIAGO","72410","21041","","","1999-11-06","1","21041","21","","MX","MATEO GOMEZ GOMEZ","MARIA SANCHEZ GAONA","HOMBRE","","","40012","4152313996700535","Pa","","INACTIVO","2026-10-01 22:11:19.000000","2026-10-01 22:11:19.000000","",""
"465A89C0","NAVARRO","MEJIA","SANDY","NAMS000203MTLVJNA3","NAMS000203U50","05240029099","-","MORELOS NUM","2","-","SAN JUAN CUAUTLANCINGO","72700","21041","21","","2000-02-03","1","29013","29","-","MX","-","ARACELI NAVARRO MEJIA","MUJER","-","fatimanavarromejia@gmail.com","","-","","","INACTIVO","2026-10-01 22:11:19.000000","2026-10-01 22:11:19.000000","",""
"473CE0F8","GARZA","ZAMORA","FRANCISCO","GAZF730917HTLRMR08","GAZF730917679","62937302677","-","INDEPENDENCIA","1","-","SECCION PRIMERA","90740","29044","29","","1973-09-17","1","29050","29","-","MX","LUCAS GARZA","PETRA ZAMORA","HOMBRE","-","","","-","","","INACTIVO","2026-10-01 22:11:19.000000","2026-10-01 22:11:19.000000","",""
"4A348F0A","SILVA","RODRIGUEZ","JOSE FRANCISCO","SIRF720129HVZLDR06","SIRF720129HY6","62867203424","-","COLORINES","MZ18","6","EL PARAISO","72450","21114","","SOLTERO","1972-01-29","1","30193","30","-","MX","LUIS SILVA","GUADALUPE RODRIGUEZ NABOR","HOMBRE","2221124605","franciskoo2972@gmail.com","40127","004027665879333673","TDD","https://drive.google.com/open?id=1e0XKNMyv1xL1OvF0WxjtUX5FtyVZH5Xc&usp=drive_copy","ACTIVO","2026-10-01 22:11:19.000000","2026-10-01 22:11:19.000000","",""
"4ae2c7c8","GONZALEZ","CRISOSTOMO","MARIA ELENA","GOCE920604MPLNR07","GOCE920604LU2","","-","BOULEVARD ADOLFO LOPEZ MATEOS","2273 ANTES 515","","LAS AGUILAS","01710","09010","","SOLTERO","1992-06-04","1","21114","21","","MX","ARTEMIO GONZALEZ GUEVARA","GUILLERMINA CRISOSTOMO SANCHEZ","MUJER","","","40012","012180015772424503","TDD","","INACTIVO","2026-10-01 22:11:19.000000","2026-10-01 22:11:19.000000","",""
"55049D75","NAVARRO","MEJIA","MARIA FATIMA","NAMF030325MTLVJTA4","NAMF030325PN5","17240307730","-","MORELOS NUM","2","-","SAN JUAN CUAUTLANCINGO CENTRO","72700","21041","21","","2003-03-25","1","29013","29","-","MX","-","ARACELI NAVARRO MEJIA","MUJER","-","fatimanavarromejia@gmail.com","","-","","","INACTIVO","2026-10-01 22:11:19.000000","2026-10-01 22:11:19.000000","",""
"5E5FE7CC","MARTINEZ","PEREZ","MARTIN","MAPM800130HPLRRR05","MAPM800130KN0","06298063842","-","CALLE ALVARO OBREGON","103","-","BARRIO BUENOS AIRES","75127","21114","21","","1980-01-30","1","","21","-","MX","GREGORIO MARTINEZ TORRES","OTILIA PEREZ","HOMBRE","-","","","-","","-","INACTIVO","2026-10-01 22:11:19.000000","2026-10-01 22:11:19.000000","",""
"60AAEC3C","MARTINEZ","SERRANO","JUAN","MASJ020913HPLRRNA8","MASJ020913R46","63201850112","-","CAMINO A PAPASCO","SN","-","RINCON CITLALTEPETL","75127","21114","21","","2002-09-13","1","","21","-","MX","MARIANO MARTINEZ MORALES","CARMEN SERRANO JIMENEZ","HOMBRE","-","","40137","004169161104246052","TDD","","INACTIVO","2026-10-01 22:11:19.000000","2026-10-01 22:11:19.000000","",""
"61fea2d3","COSME","GARCIA","BRENDA LILIANA","COGB920316MPLSRR04","COGB920316J62","27149263678","","AV. 36 SUR","EDIF. 552","8","INFONAVIT LA MARGARITA","72560","21041","","SOLTERO","1992-03-16","1","21041","21","","MX","ALEJANDRO COSME FUENTES","MARIA LUISA GUADALUPE GARCIA CRUZ","MUJER","","","40012","012650015974798606","","https://drive.google.com/drive/folders/1dCyEoSnux-itAB8cS29QYizHJZzIZFf1?usp=drive_link","INACTIVO","2026-10-01 22:11:19.000000","2026-10-01 22:11:19.000000","",""
"62F616D6","PATRICIO","IGNACIO","ERNESTO","PAIE960226HOCTGR03","PAIE960226EN8","37169603844","-","LOCALIDAD SAN ANTONIO ANALCO, OAXACA","SN","-","BENITO JUAREZ","68493","20067","","CASADO","1996-02-26","1","","20","-","MX","-","FERNANDA PATRICIO IGNACIO","HOMBRE","6642874150","hernestopatricio@gmail.com","40137","004169161466651485","TDD","https://drive.google.com/open?id=1aENh3rpjXKtirYrcdbg0M4N326kALP7c&usp=drive_copy","INACTIVO","2026-10-01 22:11:19.000000","2026-10-01 22:11:19.000000","",""
"65e1e111","URRIETA","ARENAS","JOSE MELECIO","UIAM910703HPLRRL04","UIAM9107036XA","48109131515","-","EMILIO CASTELAR","187","","ARCOS VALLARTA","44130","14039","","CASADO","1991-07-03","1","","21","","MX","GUADALUPE URRIETA JUAREZ","FRANCISCA ARENAS JIMENEZ","HOMBRE","","","40012","012180015365391218","TDD","","INACTIVO","2026-10-01 22:11:19.000000","2026-10-01 22:11:19.000000","",""
"6803C8C2","ZAMORA","ANGEL","JONATAN","ZAAJ050122HPLMNNA8","ZAAJ050122PN2","50230505286","-","CALLE HIDALGO","38","-","SAN LORENZO ALMECATLA","72710","21114","21","","2005-01-22","1","","21","-","MX","MAURICIO ZAMORA ANGEL","OLGA ANGEL ESCALANTE","HOMBRE","-","","","-","","-","INACTIVO","2026-10-01 22:11:19.000000","2026-10-01 22:11:19.000000","",""
"6B3FCD6A","LOPEZ","PEREZ","ROLANDO","LOPR860703HCSPRL08","-","07168637085","-","-","-","-","-","00000","","","","1986-07-03","1","","07","-","MX","-","-","HOMBRE","-","","","-","","","INACTIVO","2026-10-01 22:11:19.000000","2026-10-01 22:11:19.000000","",""
"6DA4FE49","GUTIERREZ","MIGUEL","JAIME","GUMJ870412HOCTGM00","GUMJ870412B94","48038709126","-","INSURGENTES SUR","724","PISO 12","DEL VALLE","03100","09014","09","","1987-04-12","1","20067","20","-","MX","-","-","HOMBRE","-","","","-","","","INACTIVO","2026-10-01 22:11:19.000000","2026-10-01 22:11:19.000000","",""
"73201dab","AGUILAR","GARCIA","JOSE LUIS","AUGL640318HPLGRS08","AUGL640318JG4","48086401741","-","-","355","-","EL ENCINAR 1RA SECCION","72390","","","CASADO","1964-03-18","1","","21","","MX","TEOFILO AGUILAR OSORIO","JUANA GARCIA ROMERO","HOMBRE","","","40127","4027665882992424","TDD","","ACTIVO","2026-10-01 22:11:19.000000","2026-10-01 22:11:19.000000","",""
"745ddc00","VARGAS","SOSA","RAYMUNDO","VASR830106HPLRSY09","VASR830106942","30068302584","-","ORIENTE 154","200","-","MOCTEZUMA 2DA SECCION","15530","09017","","CASADO","1983-01-06","1","21016","21","","MX","CRUZ VARGAS DOMINGUEZ","JUANA SOSA HERNANDEZ","HOMBRE","","","90728","4217470258562723","TDD","","INACTIVO","2026-10-01 22:11:19.000000","2026-10-01 22:11:19.000000","",""
"756021aa","MORALES","SUAREZ","ELISEO","MOSE700614HTLRRL08","MOSE700614LB4","48987004800","","5 DE MAYO","175","","EL CARMEN","90570","29007","","CASADO","1970-06-14","1","","29","","MX","ZEFERINO MORALES","PALMIRA SUAREZ","HOMBRE","","","40127","127650021168701032","","","INACTIVO","2026-10-01 22:11:19.000000","2026-10-01 22:11:19.000000","",""
"75da299c","CORDERO","HERNANDEZ","CARLOS","COHC651103HPLRRRO8","COHC651103JE1","62836511535","","20 DE NOVIEMBRE","38","-","-","72700","21041","","","1965-11-03","1","21041","21","","MX","FRANCISCO CORDERO PALETA","JOSEFINA HERNANDEZ","HOMBRE","","","40012","012180015321780973","TDD","","ACTIVO","2026-10-01 22:11:19.000000","2026-10-01 22:11:19.000000","",""
"7b380a67","TLAMANI","FLORES","ANDRES","TAFA810712HPLLLN08","TAFA8107124B2","48108100438","-","KM 3.5 PERIFERICO ECOLOGICO","SN","","SAN JUAN CUAUTLANCINGO CENTRO","72700","21041","","CASADO","1981-07-12","1","","21","","MX","ENCARNACION TLAMANI PEREZ","EUFROSINA FLORES DE TLAMANI","HOMBRE","","","40127","4027665884075368","TDD","","INACTIVO","2026-10-01 22:11:19.000000","2026-10-01 22:11:19.000000","",""
"7e75a3fb","SAUCEDO","OCHOA","BENJAMIN EMIR","SAOB960311HPLCCN06","SAOB960311LX8","42169623040","","CALLE 14","14","14","LA TRINIDAD SANCTORUM","72730","21041","","SOLTERO","1996-03-11","1","21041","21","","MX","","DELFINA SAUCEDO OCHOA","HOMBRE","","","40072","002650702389556510","TDD","","ACTIVO","2026-10-01 22:11:19.000000","2026-10-01 22:11:19.000000","",""
"7ED2DE67","CALDERON","AVILA","VICTOR MANUEL","CAAV010702HPLLVCA3","CAAV0107029T7","23130171137","-","CALLE DE LOS DEPORTES","104","-","BARRIO ANALCO","72670","21114","21","","2001-07-02","1","","21","-","MX","MANUEL CALDERON TOXQUI","VICTORIA AVILA OROPEZA","HOMBRE","-","","","-","","","INACTIVO","2026-10-01 22:11:19.000000","2026-10-01 22:11:19.000000","",""
"82e0a0c6","FLORES","FLORES","STEFANI","FOFS930129MPLLLT00","FOFS930129FV5","19169368008","-","21 DE MARZO","204","","JOL GUA BER","37353","11020","","SOLTERO","1993-01-29","1","","21","","MX","ESTEBAN FLORES ZAMORA","MARIA DE LOS ANGELES FLORES MANCILLA","MUJER","","","40137","004169161112981443","TDD","","INACTIVO","2026-10-01 22:11:19.000000","2026-10-01 22:11:19.000000","",""
"8673A124","ALMARAZ","GALENA","CESAR","AAGC031002HPLLLSA5","AAGC031002ED7","02230381408","-","CALLE GABRIELA MISTRAL","MZD","LT8","BALCONES DEL SUR","72499","21114","21","","2003-10-02","1","","21","-","MX","ELIGIO ALMARAZ MORALES","LIBRADA GALEANA CORTEZ","HOMBRE","-","","40012","012180015366121827","PTC","-","INACTIVO","2026-10-01 22:11:19.000000","2026-10-01 22:11:19.000000","",""
"8D096BF0","MALDONADO","MARTINEZ","SERGIO","MAMS711007HMCLRR08","MAMS711007F35","48017106542","-","AV. 28 PONIENTE","1398","-","SANTA ANITA","72089","21114","21","","1971-10-07","1","","15","-","MX","DANIEL MALDONADO JACINTO","ISABEL MARTINEZ VILCHIS","HOMBRE","-","","","-","","","INACTIVO","2026-10-01 22:11:19.000000","2026-10-01 22:11:19.000000","",""
"8D858256","CAMPOS","MADRID","MIGUEL ANGEL","CAMM701030HPLMDG08","CAMM701030Q25","62887034619","-","35 PONIENTE","3105","6","EL VERGEL","72400","21114","21","","1970-10-30","1","","21","-","MX","GREGORIO CAMPOS BENITEZ","JOSEFINA MADRID HIDALGO","HOMBRE","-","","","-","","","INACTIVO","2026-10-01 22:11:19.000000","2026-10-01 22:11:19.000000","",""
"8DDE5E98","PALAFOX","FLORES","BRENDA FILIBERTA","PAFB010822MPLLLRA1","PAFB0108226P3","66160131901","-","CIRCUITO GIRONA","EDIFICIO G","2","NO ESPECIFICADA","72680","21034","21","","2001-08-22","1","21201","21","-","MX","REGULO SILVANO PALAFOX GUEVARA","ELENA ALEJANDRA FLORES ZARATE","MUJER","-","bpalafox@cypcumbres.mx","40012","012650015069076945","PTC","","INACTIVO","2026-10-01 22:11:19.000000","2026-10-01 22:11:19.000000","",""
"8eb0ae83","NAVARRETE","BASTIDA","HILARIO","NABH690228HMCVSL09","NABH690228222","94876924138","-","AV. EMILIANO ZAPATA","S/N","-","-","55620","15120","","CASADO","1969-02-28","1","","15","","MX","BENITO NAVARRETE RODRIGUEZ","VIOLETA BASTIDA","HOMBRE","","","90728","4217470248168532","TDD","","ACTIVO","2026-10-01 22:11:19.000000","2026-10-01 22:11:19.000000","",""
"927B17D7","PEREZ","JUAREZ","OSCAR","PEJO881007HPLRRS01","PEJO881007CK9","48068874667","-","EMILIANO ZAPATA","31","5","LA RESURRECCION","72227","21114","21","","1988-10-07","1","","21","-","MX","JUAN DOMINGO PEREZ AGUILAR","CARMEN ROSAS JUAREZ","HOMBRE","-","","","-","","","INACTIVO","2026-10-01 22:11:19.000000","2026-10-01 22:11:19.000000","",""
"92A0FDEC","SERRANO","JIMÉNEZ","SANTOS","SEJS711031HPLRMN08","SEJS711031TR0","62877110536","-","CALLE CAMINO A PAPASCO","113","-","RINCON CITLALTEPETL","75127","21114","21","","1971-10-31","1","","21","-","MX","EDUARDO SERRANO","ELENA JIMENEZ","HOMBRE","-","","40137","004169161417155461","TDD","","INACTIVO","2026-10-01 22:11:19.000000","2026-10-01 22:11:19.000000","",""
"92ba8b44","GOMEZ","URBANO","MARIANA","GOUM021106MMCMRRA0","GOUM021106AJ9","09170265830","-","EXOTL","MANZANA 482 LOTE 63","-","SARAPEROS","56353","15031","","SOLTERO","2002-11-06","1","15031","15","","MX","HECTOR GOMEZ GOMEZ","VIANEY URBANO CERVANTES","MUJER","","","40012","012180015840809885","TDD","","ACTIVO","2026-10-01 22:11:19.000000","2026-10-01 22:11:19.000000","",""
"942D7E71","DIAZ","GUTIERREZ","SHEYLA DANIELA","DIGS940730MMCZTH01","DIGS940730A64","03169464439","-","OAXACA","518","1","EL PATRIMONIO","72450","21041","","SOLTERO","1994-07-30","1","","","-","MX","-","-","MUJER","-","","40002","002180701969640278","","https://drive.google.com/open?id=1obZlW4iemkozDvdCMY-QpcKrLHj2qtPa&usp=drive_copy","ACTIVO","2026-10-01 22:11:19.000000","2026-10-01 22:11:19.000000","",""
"9642B1E8","VELAZQUEZ","FERNANDEZ","RAUL","VEFR690621HPLLRL06","VEFR690621RW9","37916916507","-","ATLEQUIZAYAN","SN","-","-","73490","21114","21","","1969-06-21","1","","21","-","MX","ERNESTO VELAZQUEZ","RITA FERNANDEZ","HOMBRE","-","","40127","004027665892344707","TDD","","INACTIVO","2026-10-01 22:11:19.000000","2026-10-01 22:11:19.000000","",""
"987BE00A","FLORES","TRINIDAD","JONATHAN DE JESUS","FOTJ031228HPLLRNA5","FOTJ031228N40","44170371940","-","CALLE 2 PONIENTE","1103","8","LA AHOGADA","72130","21114","21","","2003-12-28","1","","21","-","MX","ALEJANDRO FLORES DIAZ","ANA MARIA TRINIDAD AGUIRRE","HOMBRE","-","","","-","","","INACTIVO","2026-10-01 22:11:19.000000","2026-10-01 22:11:19.000000","",""
"998DB645","DE LOS COBOS","NAVAS","PAULINA ALICIA MAGDALENA","CONP810401MDFBVL00","CONP810401U4A","37988110005","-","CALLE 20","9A","106","SAN PEDRO DE LOS PINOS","03800","09014","","","1981-04-01","1","","09","-","MX","ALFONSO DE LOS COBOS","GUADALUPE NAVA","MUJER","-","paulina@cypcumbres.com","","000000000000000000","","https://drive.google.com/open?id=1rdjW0hyHNs0PIUPUL5W6xCbEiGAG1XEy&usp=drive_copy","INACTIVO","2026-10-01 22:11:19.000000","2026-10-01 22:11:19.000000","",""
"A070FB50","MARTINEZ","LUNA","JOSUE","MALJ010420HPLRNSA3","MALJ010420AF6","20160114946","-","CALLE ALVARO OBREGON","103","-","RINCON CITLALTEPETL","75127","21114","21","","2001-04-20","1","","21","-","MX","MARTIN MARTINEZ PEREZ","EOLISA LUNA SANCHEZ","HOMBRE","-","","40127","004027665872605861","TDD","","INACTIVO","2026-10-01 22:11:19.000000","2026-10-01 22:11:19.000000","",""
"a3fa3be6","CRUZ","BAUTISTA","BERNARDINO","CUBB520520HMCRTR09","CUBB520520H29","02155220292","-","AV. PASEO DE LA REFORMA","389","PISO 12","CUAUHTEMOC","06500","09015","","CASADO","1952-05-20","1","","15","","MX","MELQUIADES CRUZ RAMOS","ANDREA BAUTISTA FIGUEROA","HOMBRE","","","40012","012463015905733050","","","INACTIVO","2026-10-01 22:11:19.000000","2026-10-01 22:11:19.000000","",""
"a409dd35","JACOME","SANCHEZ","JOSUE","JASJ020926HPLCNSA7","JASJ020926J67","25200224779","-","MISAEL NUÑEZ ACOSTA","MZ O","8","BARRANCA HONDA","72014","21114","","SOLTERO","2002-09-26","1","","21","","MX","MARIO JACOME LUNA","DULCE MARIA SANCHEZ UREÑA","HOMBRE","","","","","","","INACTIVO","2026-10-01 22:11:19.000000","2026-10-01 22:11:19.000000","",""
"a757193c","GONZALEZ","ALTAMIRANO","NANCY","GOAN840615MPLNLN05","GOAN840615EF4","48118408482","-","RTNO HIDALGO E","EDIF 1","3","INFONAVIT EL CARMEN","72470","","","CASADO","1984-06-15","1","21114","21","","MX","RAMON GONZALEZ HERNANDEZ","MARIA LUISA ALTAMIRANO VERGARA","MUJER","","","40012","4152314145267988","TDD","","INACTIVO","2026-10-01 22:11:19.000000","2026-10-01 22:11:19.000000","",""
"AA0EB063","DE LA CRUZ","SANCHEZ","ALFONSO","CUSA040122HPLRNLA3","CUSA040122SZ4","07160477977","-","CALLE IGNACIO ZARAGOZA","202","-","RINCON CITLALTEPETL","75127","21114","21","","2004-01-22","1","","21","-","MX","MIGUEL DE LA CRUZ ESCOBEDO","ANDREA SANCHEZ SERRANO","HOMBRE","-","","40137","004169161466652657","TDD","","INACTIVO","2026-10-01 22:11:19.000000","2026-10-01 22:11:19.000000","",""
"ABF49B0D","CORTEZ","ANGELES","ANTONIO","COAA900706HPLRNN07","COAA900706311","48119039849","-","PRIV. JORGE MURAD","-","-","AZCAPOTZALCO","72120","21114","21","","1990-07-06","1","","21","-","MX","-","-","HOMBRE","-","","","-","","","INACTIVO","2026-10-01 22:11:19.000000","2026-10-01 22:11:19.000000","",""
"AC02791F","HERNANDEZ","DE LA CRUZ","MAURO","HECM970922HPLRRR00","HECM970922F49","49159770186","-","CALLE LOPEZ MATEOS","SN","-","RINCON CITLALTEPETL","75127","21114","21","","1997-09-22","1","","21","-","MX","JOSE HERNANDEZ PEREZ","GUADALUPE DE LA CRUZ RAMIREZ","HOMBRE","-","","","-","","","INACTIVO","2026-10-01 22:11:19.000000","2026-10-01 22:11:19.000000","",""
"AED439B4","MORENO","VIOLANTE","JOSUE ROBERTO","MOVJ010629HPLRLSA7","MOVJ010629CU4","25130122143","-","PROLONGACION MORELOS","138","33","NUEVO LEON","72700","21041","21","","2001-06-29","1","","21","-","MX","AGUSTIN MORENO HERNANDEZ","ROSALIA VIOLANTE AMGON","HOMBRE","-","","","-","","","INACTIVO","2026-10-01 22:11:19.000000","2026-10-01 22:11:19.000000","",""
"B0BA58B3","JIMENEZ","RONQUILLO","JESUS","JIRJ891015HOCMNS01","JIRJ891015I83","02158921979","-","20 DE NOVIEMBRE","84","-","SAN MIGUEL","68430","20278","","CASADO","1989-10-15","1","20067","20","-","MX","-","-","HOMBRE","2213003545","jjimenez@cypcumbres.mx","40072","072650012889692788","PSC","https://drive.google.com/open?id=1HqkI2ADz9HpDbgHtC0cAZRhDog37X8TZ&usp=drive_copy","INACTIVO","2026-10-01 22:11:19.000000","2026-10-01 22:11:19.000000","",""
"B1E2F474","MERINO","PERALTA","JAVIER","MEPJ870520HGRRRV03","MEPJ870520HM6","72078716957","-","CALLE DE LOS TANQUES","7","-","LA TRINIDAD SANCTORUM","72739","21114","","SOLTERO","1987-05-20","1","","12","-","MX","JOSE MERINO ARENAL","SOLEDAD PERALTA OJEDA","HOMBRE","5631739279","JM2053@gmail.com","40127","005263540151877343","TDD","https://drive.google.com/open?id=1zVrAYAvkFpjT7bC_2HlLn3WS2OtcNPZy&usp=drive_copy","INACTIVO","2026-10-01 22:11:19.000000","2026-10-01 22:11:19.000000","",""
"B547DFA4","JIMENEZ","MARTINEZ","RUBEN FRANCISCO","JIMR900904HOCMRB01","JIMR9009045D0","19159013515","-","DALIAS","412","-","CASA BLANCA","52175","15054","15","SOLTERO","1990-09-04","1","20548","20","-","MX","-","-","HOMBRE","5610016728","ruben@cypcumbres.com","","-","","https://drive.google.com/open?id=1wexu2920LTikLyqJLcwHQWqrgsL9drWa&usp=drive_copy","ACTIVO","2026-10-01 22:11:19.000000","2026-10-01 22:11:19.000000","",""
"B5E17596","SUAREZ","MORALES","JOSE EDUARDO","SUME000205HPLRRDA7","SUME0002058U5","08160055474","-","CALLE 7 NORTE","SN","-","BARRIO SANTO ENTIERRO","75110","21114","21","","2000-02-05","1","","21","-","MX","JAIME SUAREZ ALONSO","MARIA ELENA MORALES ROMERO","HOMBRE","-","","","-","","-","INACTIVO","2026-10-01 22:11:19.000000","2026-10-01 22:11:19.000000","",""
"BAA2E7C6","LATINO","FRANCISCO","JOSE","LAFJ920711HPLTRS06","LAFJ9207117N5","17179277375","-","TECAMACHALCO","6","-","LA PAZ","72160","21114","","SOLTERO","1992-07-11","1","21114","21","-","MX","ANTONIO LATINO","MARIA OCOTLAN FRANCISCO MOLINA","HOMBRE","2229314203","joseelectricomotorola@gmail.com","40137","004169161456792745","TDD","https://drive.google.com/open?id=1VYfjf-FSs35trw8J7rIoXZLwtQy02nuN&usp=drive_copy","INACTIVO","2026-10-01 22:11:19.000000","2026-10-01 22:11:19.000000","",""
"baeb74e4","ROSALES","ABURTO","LINO","ROAL740923HTLSBN00","ROAL740923BC9","45967403291","","ANTIGUO CAMINO REAL A CHOLULA","4220 LOC B","","SANTA CRUZ BUENAVISTA","72150","21114","","CASADO","1974-09-23","1","","29","","MX","J. GUADALUPE ROSALES ESPINOZA","MA. CRUZ ABURTO CASTILLO","HOMBRE","","","40127","5263540169583917","","","INACTIVO","2026-10-01 22:11:19.000000","2026-10-01 22:11:19.000000","",""
"bbb39f4b","PIÑA","VIGUERAS","ADAN","PIVA821219HMCXGD06","PIVA821219ND5","09008131766","-","AVENIDA REVOLUCION","1586","-","SAN ANGEL","01000","09010","","CASADO","1982-12-19","1","","15","","MX","-","-","HOMBRE","","","40012","012540029391316631","TDD","","INACTIVO","2026-10-01 22:11:19.000000","2026-10-01 22:11:19.000000","",""
"bdb0d365","JIMENEZ","ARIZMENDI","VENANCIO","JIAV850517HVZMRN00","JIAV850517UX3","48048517709","","AV. 51 PONIENTE","505","118","RESIDENCIAL BOULEVARES","72440","21114","","CASADO","1985-05-17","1","","30","","MX","DIEGO JIMENEZ PABLO","ELENA ARIZMENDI JIMENEZ","HOMBRE","","","40012","012180015853432605","TDD","https://drive.google.com/drive/folders/1si3Xq5aYGfSREg9Ce_SP9MgRTQQQVlHc?usp=drive_link","ACTIVO","2026-10-01 22:11:19.000000","2026-10-01 22:11:19.000000","",""
"BEE278F7","SERRANO","BARRIENTOS","EDGAR","SEBE980401HPLRRD06","SEBE980401C24","84159830532","-","CALLE 5 DE MAYO","1","-","PUEBLA CENTRO","72000","21114","21","","1998-04-01","1","","21","-","MX","ESTEBAN SERRANO JIMENEZ","ABELINA BARRIENTOS DE LA CRUZ","HOMBRE","-","","40137","004169161104245765","TDD","","INACTIVO","2026-10-01 22:11:19.000000","2026-10-01 22:11:19.000000","",""
"C10E2269","OLIVARES","GUEVARA","SERGIO","OIGS700824HPLLVR00","OIGS700824E45","62857006597","-","PRIV. 4","801","-","RESERVA TERRITORIAL ATLIXCAYOTL","72190","21114","21","","1970-08-24","1","","21","-","MX","TRINIDAD OLIVARES SAINOS","JOSEFINA GUEVARA MUÑOZ","HOMBRE","-","","40137","004169161463037662","TDD","","INACTIVO","2026-10-01 22:11:19.000000","2026-10-01 22:11:19.000000","",""
"c2b86e43","PIÑA","VIGUERAS","ADAN","PIVA821219HMCXGD06","PIVA821219ND5","09008131766","-","AV. REVOLUCION","1586","","SAN ANGEL","01000","09010","","","1982-12-19","1","","15","","MX","-","-","HOMBRE","","","40012","012540029391316631","TDD","","INACTIVO","2026-10-01 22:11:19.000000","2026-10-01 22:11:19.000000","",""
"C8303E27","MARTINEZ","SERRANO","GUSTAVO","MASG060611HPLRRSA4","MASG060611PN9","03230667879","-","CAMINO A PAPASCO","SN","-","RINCON CITLALTEPETL","75127","21114","21","","2006-06-11","1","","21","-","MX","MARIANO MARTINEZ MORALES","CARMEN SERRANO JIMENEZ","HOMBRE","-","","40137","004169161104245617","TDD","","INACTIVO","2026-10-01 22:11:19.000000","2026-10-01 22:11:19.000000","",""
"CCF232DC","SERRANO","MARTINEZ","ESTEBAN","SEME050816HPLRRSA8","SEME0508169A9","29160517594","-","CAMINO A PAPASCO","SN","-","RINCON CITLALTEPETL","75127","21114","21","","2005-08-05","1","","21","-","MX","RAFEL SERRANO JIMENEZ","NAYELI MARTINEZ PEREZ","HOMBRE","-","","90728","004217470126334958","TDD","","INACTIVO","2026-10-01 22:11:19.000000","2026-10-01 22:11:19.000000","",""
"D3D447E1","MENDOZA","VAZQUEZ","MARIO","MEVM600510HPLNZR08","MEVM600510GJ9","15936011319","-","PRIV BOSQUES DE LOS OYAMELES","12","MZ7","EL BOSQUE","90010","14063","29","","1960-05-10","1","21114","21","-","MX","VICENTE MENDOZA","TRINIDAD VAZQUEZ DE MENDOZA","HOMBRE","-","mariomendozavazquez@gmail.com","","-","","","INACTIVO","2026-10-01 22:11:19.000000","2026-10-01 22:11:19.000000","",""
"D4788483","VALENCIA","JUAREZ","JESUS EUSEBIO","VAJJ020717HPLLRSA1","VAJJ020717997","44210213417","-","22 PONIENTE","23","506","PUEBLA CENTRO","72000","21114","21","","2002-07-17","1","","21","-","MX","EUSEBIO VALENCIA HERNANDEZ","TERESA JUAREZ TLAXCALA","HOMBRE","-","","40127","004027665807326799","TDD","","INACTIVO","2026-10-01 22:11:19.000000","2026-10-01 22:11:19.000000","",""
"D5BCC7E7","ROCHA","DE LA CRUZ","RENE","ROCR001111HPLCRNA2","ROCR001111A13","98160030924","-","CALLE POSTE","41","-","RINCON CITLALTEPETL","75127","21114","21","","2000-11-11","1","","21","-","MX","ISIDRO ROCHA SANCHEZ","SILVIA DE LA CRUZ MORALES","HOMBRE","-","","40137","004169161103869516","TDD","","INACTIVO","2026-10-01 22:11:19.000000","2026-10-01 22:11:19.000000","",""
"DCE350AC","GARCIA","GREGORIO","OLGALIDIA","GAGO820612MPLRRL00","GAGO820612D3A","04138254455","-","2DA PRIVADA LIBERTAD","224","-","LA TRINIDAD SANCTORUM","72730","21041","","SOLTERO","1982-06-12","1","","21","-","MX","MARCELO GARCIA CONTRERAS","DOLORES GREGORIO PEREZ","HOMBRE","2223537626","garciagregorioolga@gmail.com","40127","004027665892343071","TDD","https://drive.google.com/open?id=1SETakDO4wiEh-HEFKMA_ecLs996gqMXY&usp=drive_copy","ACTIVO","2026-10-01 22:11:19.000000","2026-10-01 22:11:19.000000","",""
"DD1030F3","FLORES","GALLARDO","BALDOMERO","FOGB820711HPLLLL04","FOGB820711TSA","02208252870","-","CALLE 2 DE ABRIL","19","-","MORELOS","74580","21114","21","","1982-07-11","1","","21","-","MX","JESUS FLORES MARTINEZ","CECILIA GALLARDO MERINO","HOMBRE","-","","40127","005263540122528819","TDD","-","INACTIVO","2026-10-01 22:11:19.000000","2026-10-01 22:11:19.000000","",""
"E044428C","DANIEL","CONTRERAS","SEVERIANO","DACS680221HPLNNV03","DACS680221D75","62906885199","-","CALLE MORELOS","37","-","BARRIO EL ALTO","72700","21114","21","","1968-02-21","1","","21","-","MX","CLEMENCIO DANIEL GALINDO","EUSTOLIA CONTRERAS FLORES","HOMBRE","-","","","-","","-","INACTIVO","2026-10-01 22:11:19.000000","2026-10-01 22:11:19.000000","",""
"E0D4E50A","SANTIAGO","CANO","ALEJANDRO","SACA950314HPLNNL02","SACA950314231","48109500404","-","CALLE VENECER","283","-","NUEVO LEON","72706","21114","","CASADO","1995-03-14","1","","21","-","MX","HERMINIO SANTIAGO MENDEZ","DOLORES CANO TOMAS","HOMBRE","2215914109","Santiagocanoalejandro@gmail.com","","-","","https://drive.google.com/open?id=1U3aqpzhmy49-Yy_ju_DEXttuuE4fKRur&usp=drive_copy","INACTIVO","2026-10-01 22:11:19.000000","2026-10-01 22:11:19.000000","",""
"E1076BDF","SERRANO","ANGELEZ","RICARDO","SEAR940920HPLRNC01","SEAR9409204R8","10179420848","-","CAMINO A PAPASCO","SN","-","RINCON CITLALTEPETL","75127","21114","21","","1994-09-20","1","","21","-","MX","JORGE SERRANO JIMENEZ","ANGELICA ANGELES BARRIENTOS","HOMBRE","-","","40137","004169161104245856","TDD","","INACTIVO","2026-10-01 22:11:19.000000","2026-10-01 22:11:19.000000","",""
"e363c2f5","SOTO","CANALES","KATIA ZORAIDA","SOCK030308MMCTNTA3","SOCK030308I90","18170309860","-","FERNANDO GUTIERREZ BARRIOS","MZ N LT 25","","CARLOS SALINAS DE GORTARI","55070","15033","","SOLTERO","2003-03-08","1","","15","","MX","CRISTINO SOTO GOMEZ","YOLANDA CANALES CASTILLO","MUJER","","","40012","012180015027043147","TDD","","ACTIVO","2026-10-01 22:11:19.000000","2026-10-01 22:11:19.000000","",""
"E4792539","SANTABARBARA","ARCE","LUIS ANTONIO","SAAL841010HPLNRS09","SAAL8410109F0","48018459999","-","RIO SALADO","5126","-","VILLA CARMEL","05126","21114","21","","1984-10-10","1","","21","-","MX","DOMINGO SANTABARBARA PEREZ","MARCELA ARCE RAMOS","HOMBRE","-","","","-","","","INACTIVO","2026-10-01 22:11:19.000000","2026-10-01 22:11:19.000000","",""
"E4831094","VALADEZ","SALDAÑA","JUSTO","VASJ740720HPLLLS08","VASJ740720813","62917425175","-","51 PONIENTE","505","16","RESIDENCIAL BOULEVARES","72440","21114","","","1974-07-20","1","","21","-","MX","JUSTO VALADEZ","MARIA FELIX SALDAÑA","HOMBRE","-","","40127","137650105163999674","PSC","https://drive.google.com/open?id=1Nigj6Bb89ykhqFsmAA2LGwxa4s4duZc1&usp=drive_copy","INACTIVO","2026-10-01 22:11:19.000000","2026-10-01 22:11:19.000000","",""
"E57146E4","PEREZ","CARMONA","MIGUEL ANGEL","PECM931129HMNRRG05","PECM931129CL0","53079302039","-","AV. PRESIDENTE MASARYK","61","-","CHAPUTEPEC MORALES","11570","09016","","SOLTERO","1993-11-29","1","","16","-","MX","JOSE ANGEL PEREZ MACIEL","MARIA ESTHER CARMONA PEREZ","HOMBRE","4431838311","","40127","127650001800889928","PSC","https://drive.google.com/open?id=1X1NQ5grEJomFQrnzxZUJyF3vG-7fiJEL&usp=drive_copy","INACTIVO","2026-10-01 22:11:19.000000","2026-10-01 22:11:19.000000","",""
"E61110E4","VEGA","SANTIAGO","MATIAS","VESM830917HPLGNT03","VESM830917FV4","02208388120","-","LA LOMA","100","-","SAN ANDRES CHOLULA","72810","21119","","","1983-09-17","1","21114","21","-","MX","ELIAS VEGA JIMENEZ","MARIA SANTIAGO CORTEZ","HOMBRE","-","matiasvega22e@gmail.com","40137","004169161106203150","TDD","","INACTIVO","2026-10-01 22:11:19.000000","2026-10-01 22:11:19.000000","",""
"eaf23b45","NAVARRETE","HINOJOSA","JENNIFER","NAHJ030331MDFVNNA0","NAHJ030331P19","02190300802","","ABULON","MZ7 LT11","-","ESTURION Y ESTRELLA DE MAR","13270","09011","","SOLTERO","2003-03-31","1","09007","09","","MX","ISRAEL NAVARRETE MARTINEZ","EVELYN HINOJOSA GONZALEZ","MUJER","","","40012","012180015395497962","","https://drive.google.com/drive/folders/1sl3uT4Ab4QvqHanbdI5U9CkfIcdrrjJ5?usp=drive_link","INACTIVO","2026-10-01 22:11:19.000000","2026-10-01 22:11:19.000000","",""
"eba6ba6d","LOPEZ","FLORES","JOSE DE JESUS","LOFJ680211HPLPLS08","LOFJ6802111I5","62876866021","-","CALDEN","27","27","-","72910","21114","","CASADO","1968-02-11","1","21114","21","","MX","JESUS LOPEZ LOPEZ","CATALINA FLORES JUAREZ","HOMBRE","","","40127","5263540155065200","TDD","","ACTIVO","2026-10-01 22:11:19.000000","2026-10-01 22:11:19.000000","",""
"EDE0FC6B","GARCIA","ROMERO","MARCOS","GARM880320HPLRMR09","GARM880320IV6","04048830881","-","PASEO DE JEREZ","215","1","JARDINES DE JEREZ 1A SECCION","37530","11015","11","","1988-03-20","1","","21","-","MX","TOMAS GARCIA RAMIREZ","EPIFANIA ROMERO PATIÑO","HOMBRE","-","","40137","004169161473192929","TDD","","INACTIVO","2026-10-01 22:11:19.000000","2026-10-01 22:11:19.000000","",""
"EE0D78D9","HERNANDEZ","SERRANO","HUGO","HESH910921HPLRRG06","HESH910921CR6","48079120662","-","PRIV. OLIVOS","19","4","BELLO HORIZONTE","72170","21114","21","","1991-09-21","1","","21","-","MX","JESUS HERNANDEZ CERON","FELIPA SERRANO JIMENEZ","HOMBRE","-","","40137","004169161443654453","TDD","","INACTIVO","2026-10-01 22:11:19.000000","2026-10-01 22:11:19.000000","",""
"f2dcd1a3","COSME","GARCIA","BRENDA LILIANA","","","","","","","","","","","","","","","","","","","","","","","mateoguerrerito@gmail.com","","","","https://drive.google.com/open?id=1dCyEoSnux-itAB8cS29QYizHJZzIZFf1&usp=drive_copy","INACTIVO","2026-10-01 22:11:19.000000","2026-10-01 22:11:19.000000","",""
"F37D7760","DIAZ","CORTES","ANGELICA","DICA810923MPLZRN02","DICA810923520","48138106702","-","CDA. 107B PONIENTE","320","3","LOMA ENCANTADA","72474","21114","","SOLTERO","1981-09-23","1","","21","-","MX","ELIAS DIAZ MARTINEZ","CONCEPCION CORTES CAMPOS","MUJER","2223521190","ad5485893@hotmail.com","40137","004169161430496595","TDD","https://drive.google.com/open?id=1KPMIRFYa77tI2h09fCSBdQ9k2u_bhVqE&usp=drive_copy","INACTIVO","2026-10-01 22:11:19.000000","2026-10-01 22:11:19.000000","",""
"F7164556","RIVERA","DEL CARMEN","RICARDO","RICR600121HPLVRC02","RICR6001219C5","62956094122","-","CDA. 15B SUR","7913","-","SAN JOSE MAYORAZGO","72450","21114","21","","1960-01-21","1","","21","-","MX","RICARDO RIVERA DEL CARMEN","MARIA DE LA LUZ MARTINEZ","HOMBRE","-","","40127","004027665884556433","TDD","-","INACTIVO","2026-10-01 22:11:19.000000","2026-10-01 22:11:19.000000","",""
"F8C70A84","ROSAS","PEREZ","ERNESTO","ROPE891205HPLSRR02","ROPE891205RB7","17148962446","-","CDA. PROGRESO","1","-","SAN SEBASTIAN DE APARICIO","72219","21114","","","1989-12-05","1","","21","-","MX","GUADALUPE ROSAS BONILLA","JUANA PEREZ MUÑOZ","HOMBRE","-","","","1597004645","PTC","-","INACTIVO","2026-10-01 22:11:19.000000","2026-10-01 22:11:19.000000","",""
"F94CEC39","ARENAS","ILETL","JORGE IVAN","AEIJ950423HPLRLR05","AEIJ950423HJ4","85149527476","-","CALLE URBANA NODO JUAREZ SERDAN","SN","-","-","72140","21114","21","","1995-04-23","1","","21","-","MX","REYES ARENAS MANZANO","GUADALUPE ILETL SEMITA","HOMBRE","-","","","-","","","INACTIVO","2026-10-01 22:11:19.000000","2026-10-01 22:11:19.000000","",""
"F96AF324","CALLEJA","BERNARDINO","ALEX LEONEL","CABA040622HGRLRLA6","CABA0406228A0","52220489158","-","RIO HONDO","125","-","SAN ANTONIO ZOMEYUCAN","53570","15057","15","","2004-06-22","1","","12","-","MX","ARTURO CALLEJA ABURTO","IRENE BERNARDINO MARTINEZ","HOMBRE","-","","40127","127180016185661737","PSC","","INACTIVO","2026-10-01 22:11:19.000000","2026-10-01 22:11:19.000000","",""
"FB57E64B","ALONSO","XAXALPA","DAVID","AOXD801124HPLLXV04","AOXD801124QX5","62978005973","-","AV. 27 SUR","907 A","-","LA PAZ","72160","21114","21","","1980-11-24","1","","21","-","MX","JUAN ALONSO MANZANO","ANDREA XAXALPA PEREZ","HOMBRE","-","","","-","","","INACTIVO","2026-10-01 22:11:19.000000","2026-10-01 22:11:19.000000","",""
