"id_puesto","sociedad","proyecto","departamento","puesto","factor_integracion","salario_diario","descuentos_isr","descuentos_imss","tipo_salario","turno","umf","fecha_alta","fecha_baja","motivo_fin","tipo_pago","link_alta_imss","link_baja_imss","created_at","updated_at","created_by","updated_by","id_empleado","id_supervisor"
"015efbce","WBR120307IL7","ZVP","OBRA PUEBLA","AYUD. ALBAÑIL","1.049300","248.93","0.00","0.00","FIJO","DIURNO","0.00","2024-11-05","2024-12-02","","Pa","","","2026-10-01 22:11:52.000000","2026-10-01 22:11:52.000000","","","D3D447E1",""
"054e14bc","WBR120307IL7","ZVP","OBRA PUEBLA","AYUDANTE","1.049300","278.80","0.00","0.00","FIJO","DIURNO","0.00","2025-06-16","2025-08-06","","Pa","","","2026-10-01 22:11:52.000000","2026-10-01 22:11:52.000000","","","62F616D6","B0BA58B3"
"05c43eac","WBR120307IL7","ZVP","OBRA PUEBLA","AYUD. ALBAÑIL","1.049300","248.93","0.00","0.00","FIJO","DIURNO","0.00","2024-10-16","2024-10-23","","Pa","","","2026-10-01 22:11:52.000000","2026-10-01 22:11:52.000000","","","AED439B4",""
"09085c5d","WBR120307IL7","ZVP","OBRA PUEBLA","ARQUITECTA","1.049300","500.55","366.46","92.91","FIJO","DIURNO","0.00","2024-10-01","2025-06-11","","Pa","","","2026-10-01 22:11:52.000000","2026-10-01 22:11:52.000000","","","8DDE5E98",""
"091ae193","CTI171208R90","ZVP","OBRA PUEBLA","ARQUITECTO","1.049300","586.14","492.30","110.67","FIJO","DIURNO","0.00","2026-01-05","","","Pa","","","2026-10-01 22:11:52.000000","2026-10-01 22:11:52.000000","","","7e75a3fb","B0BA58B3"
"0b33e411","WBR120307IL7","ZVP","OBRA PUEBLA","AYUDANTE","1.049300","278.80","0.00","0.00","FIJO","DIURNO","0.00","2025-02-17","2025-02-23","","Pa","","","2026-10-01 22:11:52.000000","2026-10-01 22:11:52.000000","","","B5E17596",""
"0c285aae","CTI171208R90","ZVP","OBRA PUEBLA","ARQUITECTA","1.049300","500.00","365.80","92.41","FIJO","DIURNO","0.00","2025-08-11","2025-10-12","RENUNCIA","Pa","","","2026-10-01 22:11:52.000000","2026-10-01 22:11:52.000000","","","2EE9D849","B0BA58B3"
"0c76555f","CTI171208R90","ZVP","OBRA PUEBLA","VELADOR","1.049300","414.88","0.00","0.00","FIJO","DIURNO","0.00","2023-10-16","2024-09-15","","Pa","","","2026-10-01 22:11:52.000000","2026-10-01 22:11:52.000000","","","B0BA58B3",""
"13bfd085","CTI171208R90","ZVP","OBRA PUEBLA","LOSETERO","1.049300","315.04","0.00","0.00","FIJO","DIURNO","0.00","2026-07-27","","","Pa","","","2026-10-01 22:11:52.000000","2026-10-01 22:11:52.000000","","","8eb0ae83",""
"1475dfa8","WBR120307IL7","ZVP","OBRA PUEBLA","AYUDANTE","1.049300","292.54","0.00","0.00","FIJO","DIURNO","0.00","2025-01-20","2025-02-23","","Pa","","","2026-10-01 22:11:52.000000","2026-10-01 22:11:52.000000","","","C10E2269",""
"16471062","WBR120307IL7","ZVP","OBRA PUEBLA","AYUDANTE","1.049300","292.54","0.00","0.00","FIJO","DIURNO","0.00","2025-02-03","2025-02-23","","Pa","","","2026-10-01 22:11:52.000000","2026-10-01 22:11:52.000000","","","9642B1E8",""
"1d9b6da1","CTI171208R90","ZVP","OBRA PUEBLA","AYUD. ALBAÑIL","1.049300","290.67","39.06","50.71","FIJO","DIURNO","0.00","2025-07-21","2025-07-28","","Pa","","","2026-10-01 22:11:52.000000","2026-10-01 22:11:52.000000","","","E0D4E50A","B0BA58B3"
"1e5c20e1","CTI171208R90","ZVP","OBRA PUEBLA","MAESTRO COLOCADOR","1.049300","315.04","0.00","0.00","FIJO","DIURNO","0.00","2026-05-25","2026-07-20","","Pa","","","2026-10-01 22:11:52.000000","2026-10-01 22:11:52.000000","","","c2b86e43",""
"1f957e32","CTI171208R90","ZVP","OBRA PUEBLA","COLOCADOR","1.049300","315.04","0.00","0.00","FIJO","DIURNO","0.00","2026-07-13","","","Pa","","","2026-10-01 22:11:52.000000","2026-10-01 22:11:52.000000","","","1df9d77c",""
"206fe524","WBR120307IL7","ZVP","OBRA PUEBLA","AYUDANTE","1.049300","911.89","0.00","0.00","FIJO","DIURNO","0.00","2025-01-27","2025-02-14","","Pa","","","2026-10-01 22:11:52.000000","2026-10-01 22:11:52.000000","","","EDE0FC6B",""
"23de03c4","CTI171208R90","ZVP","OBRA PUEBLA","AYUD. ALBAÑIL","1.049300","315.04","0.00","0.00","FIJO","DIURNO","0.00","2026-01-12","2026-02-23","RENUNCIA","Pa","","","2026-10-01 22:11:52.000000","2026-10-01 22:11:52.000000","","","2101000c",""
"269bf2ab","CTI171208R90","ZVP","OBRA PUEBLA","AYUD. ALBAÑIL","1.049300","315.04","0.00","0.00","FIJO","DIURNO","0.00","2026-04-27","2026-06-21","RENUNCIA","Pa","","","2026-10-01 22:11:52.000000","2026-10-01 22:11:52.000000","","","745ddc00",""
"2851542c","WBR120307IL7","ZVP","OBRA PUEBLA","AYUDANTE","1.049300","248.93","0.00","0.00","FIJO","DIURNO","0.00","2024-12-16","2024-12-02","","Pa","","","2026-10-01 22:11:52.000000","2026-10-01 22:11:52.000000","","","0F422509",""
"2b2f7e5d","WBR120307IL7","ZVP","OBRA PUEBLA","AYUDANTE","1.049300","350.89","194.22","62.01","FIJO","DIURNO","0.00","2024-11-18","2025-04-07","","Pa","","","2026-10-01 22:11:52.000000","2026-10-01 22:11:52.000000","","","F96AF324",""
"2b3ff751","WBR120307IL7","ZVP","OBRA PUEBLA","AYUDANTE","1.049300","402.79","246.94","72.59","FIJO","DIURNO","0.00","2025-02-10","2025-04-30","","Pa","","","2026-10-01 22:11:52.000000","2026-10-01 22:11:52.000000","","","B1E2F474",""
"2bb06520","CTI171208R90","ZVP","OBRA PUEBLA","AYUDANTE","1.049300","290.67","39.06","50.71","FIJO","DIURNO","0.00","2025-04-21","2025-08-18","RENUNCIA","Pa","","","2026-10-01 22:11:52.000000","2026-10-01 22:11:52.000000","","","E57146E4","B0BA58B3"
"2bd6479e","CTI171208R90","","OFICINA PUEBLA","ADMINISTRATIVO","1.050700","338.03","109.26","127.27","FIJO","DIURNO","0.00","2024-03-01","","","Pa","","","2026-10-01 22:11:52.000000","2026-10-01 22:11:52.000000","","","942D7E71","31ab13b6"
"2ea29cfd","CTI171208R90","ZVP","OBRA PUEBLA","AYUDANTE","1.049300","290.67","39.06","50.71","FIJO","DIURNO","0.00","2025-04-21","2025-06-23","RENUNCIA","Pa","","https://drive.google.com/drive/folders/1Nigj6Bb89ykhqFsmAA2LGwxa4s4duZc1?usp=drive_link","2026-10-01 22:11:52.000000","2026-10-01 22:11:52.000000","","","E4831094",""
"2f2d5b00","WBR120307IL7","ZVP","OBRA PUEBLA","CONTRATISTA","1.049300","603.49","0.00","0.00","FIJO","DIURNO","0.00","2025-01-27","2025-02-23","","Pa","","","2026-10-01 22:11:52.000000","2026-10-01 22:11:52.000000","","","EE0D78D9",""
"2ffb1b18","CTI171208R90","ZVP","OBRA PUEBLA","AYUD. ALBAÑIL","1.049300","290.67","39.06","50.71","FIJO","DIURNO","0.00","2025-07-14","2025-07-21","","Pa","","","2026-10-01 22:11:52.000000","2026-10-01 22:11:52.000000","","","26b9e41b","B0BA58B3"
"32dff5be","WBR120307IL7","ZVP","OBRA PUEBLA","CONTRATISTA","1.049300","1446.87","1842.68","285.41","FIJO","DIURNO","0.00","2025-02-24","2025-03-10","","Pa","","","2026-10-01 22:11:52.000000","2026-10-01 22:11:52.000000","","","3909101D",""
"33c938ad","CTI171208R90","ZVP","OBRA PUEBLA","VELADOR","1.049300","278.80","0.00","0.00","FIJO","DIURNO","0.00","2025-08-11","2025-08-18","RENUNCIA","Pa","","","2026-10-01 22:11:52.000000","2026-10-01 22:11:52.000000","","","62F616D6","B0BA58B3"
"36f85a14","WBR120307IL7","ZVP","OBRA PUEBLA","AYUDANTE","1.049300","278.80","0.00","0.00","FIJO","DIURNO","0.00","2025-02-10","2025-02-23","","Pa","","","2026-10-01 22:11:52.000000","2026-10-01 22:11:52.000000","","","DD1030F3",""
"375b2371","CTI171208R90","ZVP","OBRA PUEBLA","AYUD. ALBAÑIL","1.049300","315.04","0.00","0.00","FIJO","DIURNO","0.00","2026-03-23","2026-06-14","RENUNCIA","Pa","","","2026-10-01 22:11:52.000000","2026-10-01 22:11:52.000000","","","a409dd35",""
"38496781","WBR120307IL7","ZVP","OBRA PUEBLA","ARQUITECTA","1.049300","500.00","365.80","92.41","FIJO","DIURNO","0.00","2025-06-17","2025-08-06","","Pa","","","2026-10-01 22:11:52.000000","2026-10-01 22:11:52.000000","","","2EE9D849","B547DFA4"
"397b1370","CTI171208R90","ZVP","OBRA PUEBLA","LIMPIEZA","1.049300","315.04","0.00","0.00","FIJO","DIURNO","0.00","2026-09-07","","","Pa","","","2026-10-01 22:11:52.000000","2026-10-01 22:11:52.000000","","","284096da",""
"3b30e65e","WBR120307IL7","ZVP","OBRA PUEBLA","AYUD. ALBAÑIL","1.049300","248.93","0.00","0.00","FIJO","DIURNO","0.00","2024-10-23","2025-02-21","","Pa","","","2026-10-01 22:11:52.000000","2026-10-01 22:11:52.000000","","","33428997",""
"40dc2fd4","WBR120307IL7","ZVP","OBRA PUEBLA","AYUDANTE","1.049300","278.80","0.00","0.00","FIJO","DIURNO","0.00","2025-02-10","2025-02-14","","Pa","","","2026-10-01 22:11:52.000000","2026-10-01 22:11:52.000000","","","8D858256",""
"417d1012","CTI171208R90","ZVP","OBRA PUEBLA","AYUD. ALBAÑIL","1.049300","290.67","39.06","50.71","FIJO","DIURNO","0.00","2025-07-21","2025-07-28","","Pa","","","2026-10-01 22:11:52.000000","2026-10-01 22:11:52.000000","","","446932c8","B0BA58B3"
"434d7350","WBR120307IL7","ZVP","OBRA PUEBLA","AYUDANTE","1.049300","614.97","0.00","0.00","FIJO","DIURNO","0.00","2025-01-27","2025-02-23","","Pa","","","2026-10-01 22:11:52.000000","2026-10-01 22:11:52.000000","","","A070FB50",""
"44c39cdd","CTI171208R90","ZVP","OBRA PUEBLA","AYUDANTE","1.049300","278.80","0.00","0.00","FIJO","DIURNO","0.00","2025-05-01","2025-08-11","","Pa","","","2026-10-01 22:11:52.000000","2026-10-01 22:11:52.000000","","","2E014765","B0BA58B3"
"4664aa91","WBR120307IL7","ZVP","OBRA PUEBLA","AYUDANTE","1.049300","278.80","0.00","0.00","FIJO","DIURNO","0.00","2025-02-17","2025-02-23","","Pa","","","2026-10-01 22:11:52.000000","2026-10-01 22:11:52.000000","","","5E5FE7CC",""
"46a58915","WBR120307IL7","ZVP","OBRA PUEBLA","AYUDANTE","1.049300","292.54","0.00","0.00","FIJO","DIURNO","0.00","2025-01-13","2025-02-09","","Pa","","","2026-10-01 22:11:52.000000","2026-10-01 22:11:52.000000","","","14B8E8B0",""
"4921bcd7","CTI171208R90","ZVP","OBRA PUEBLA","AYUDANTE","1.049300","290.67","39.06","50.71","FIJO","DIURNO","0.00","2025-06-02","2025-07-14","RENUNCIA","Pa","","","2026-10-01 22:11:52.000000","2026-10-01 22:11:52.000000","","","E0D4E50A","B0BA58B3"
"4a0535e9","CTI171208R90","ZVP","OBRA PUEBLA","AYUDANTE","1.049300","278.80","0.00","0.00","FIJO","DIURNO","0.00","2025-05-01","2025-08-11","","Pa","","","2026-10-01 22:11:52.000000","2026-10-01 22:11:52.000000","","","338B33C2","B0BA58B3"
"4b9b2ea9","WBR120307IL7","ZVP","OBRA PUEBLA","AYUD. ELECTRICO","1.049300","248.93","0.00","0.00","FIJO","DIURNO","0.00","2024-10-29","2024-12-02","","Pa","","","2026-10-01 22:11:52.000000","2026-10-01 22:11:52.000000","","","2C37B06E",""
"4bd2169d","CTI171208R90","ZVP","OBRA PUEBLA","MAESTRO COLOCADOR","1.049300","315.04","0.00","0.00","FIJO","DIURNO","0.00","2026-05-25","","","Pa","","","2026-10-01 22:11:52.000000","2026-10-01 22:11:52.000000","","","31afcd99",""
"4c3630a1","CTI171208R90","ZVP","OBRA PUEBLA","OFICIAL DETALLISTA","1.049300","315.04","0.00","0.00","FIJO","DIURNO","0.00","2026-08-03","","","Pa","","","2026-10-01 22:11:52.000000","2026-10-01 22:11:52.000000","","","73201dab",""
"4ccfbd9e","WBR120307IL7","ZVP","OBRA PUEBLA","OPERADOR DE MAQUINARIA","1.049300","1058.58","0.00","0.00","FIJO","DIURNO","0.00","2024-12-16","2025-01-10","","Pa","","","2026-10-01 22:11:52.000000","2026-10-01 22:11:52.000000","","","35267C36",""
"4d93c042","WBR120307IL7","ZVP","OBRA PUEBLA","AYUD. ALBAÑIL","1.049300","248.93","0.00","0.00","FIJO","DIURNO","0.00","2024-11-11","2024-12-02","","Pa","","","2026-10-01 22:11:52.000000","2026-10-01 22:11:52.000000","","","55049D75",""
"516581a9","CTI171208R90","ZVP","OBRA PUEBLA","AYUDANTE","1.049300","315.04","0.00","0.00","FIJO","DIURNO","0.00","2025-09-01","2026-06-21","RENUNCIA","Pa","","","2026-10-01 22:11:52.000000","2026-10-01 22:11:52.000000","","","338B33C2","B0BA58B3"
"51e1f7ec","WBR120307IL7","ZVP","OBRA PUEBLA","AYUDANTE","1.049300","292.54","0.00","0.00","FIJO","DIURNO","0.00","2025-01-06","2025-02-02","","Pa","","","2026-10-01 22:11:52.000000","2026-10-01 22:11:52.000000","","","8D096BF0",""
"52676ca5","WBR120307IL7","ZVP","OBRA PUEBLA","AYUDANTE","1.049300","278.80","0.00","0.00","FIJO","DIURNO","0.00","2025-02-17","2025-02-23","","Pa","","","2026-10-01 22:11:52.000000","2026-10-01 22:11:52.000000","","","202E45C6",""
"59eed39e","CTI171208R90","ZVP","OBRA PUEBLA","VELADOR","1.049300","315.04","0.00","0.00","FIJO","DIURNO","0.00","2025-08-18","","","Pa","","","2026-10-01 22:11:52.000000","2026-10-01 22:11:52.000000","","","75da299c","B0BA58B3"
"5c8428f8","WBR120307IL7","ZVP","OBRA PUEBLA","AYUDANTE","1.049300","292.54","0.00","0.00","FIJO","DIURNO","0.00","2025-01-13","2025-02-09","","Pa","","","2026-10-01 22:11:52.000000","2026-10-01 22:11:52.000000","","","987BE00A",""
"5d78f24e","CTI171208R90","ZVP","OBRA PUEBLA","YESERO","1.049300","315.04","0.00","0.00","FIJO","DIURNO","0.00","2026-01-12","2026-02-23","RENUNCIA","Pa","","","2026-10-01 22:11:52.000000","2026-10-01 22:11:52.000000","","","756021aa",""
"5d9c3d27","WBR120307IL7","ZVP","OBRA PUEBLA","","1.049300","248.93","0.00","0.00","FIJO","DIURNO","0.00","2024-09-16","2024-12-16","","Pa","","","2026-10-01 22:11:52.000000","2026-10-01 22:11:52.000000","","","6B3FCD6A",""
"61d970c4","CTI171208R90","ZVP","OBRA PUEBLA","LOSETERO","1.049300","315.04","0.00","0.00","FIJO","DIURNO","0.00","2026-01-19","2026-05-10","RENUNCIA","Pa","","","2026-10-01 22:11:52.000000","2026-10-01 22:11:52.000000","","","65e1e111",""
"642447ed","CTI171208R90","ZVP","OBRA PUEBLA","AYUD. ALBAÑIL","1.049300","315.04","0.00","0.00","FIJO","DIURNO","0.00","2025-04-21","","","Pa","","","2026-10-01 22:11:52.000000","2026-10-01 22:11:52.000000","","","4A348F0A","B0BA58B3"
"682cfe61","WBR120307IL7","ZVP","OBRA PUEBLA","AYUDANTE","1.049300","516.81","0.00","0.00","FIJO","DIURNO","0.00","2025-01-27","2025-02-23","","Pa","","","2026-10-01 22:11:52.000000","2026-10-01 22:11:52.000000","","","BEE278F7",""
"6ca7f58a","CTI171208R90","ZVP","OBRA PUEBLA","LIMPIEZA","1.049300","315.04","0.00","0.00","FIJO","DIURNO","0.00","2026-08-24","2026-08-06","RENUNCIA","Pa","","","2026-10-01 22:11:52.000000","2026-10-01 22:11:52.000000","","","4ae2c7c8",""
"6e89f7e4","WBR120307IL7","ZVP","OBRA PUEBLA","AYUDANTE","1.049300","292.54","0.00","0.00","FIJO","DIURNO","0.00","2025-01-06","2025-01-13","","Pa","","","2026-10-01 22:11:52.000000","2026-10-01 22:11:52.000000","","","FB57E64B",""
"6f11fd1a","CTI171208R90","ZVP","OBRA PUEBLA","AYUDANTE","1.049300","278.80","0.00","0.00","FIJO","DIURNO","0.00","2025-05-01","2025-07-28","","Pa","","","2026-10-01 22:11:52.000000","2026-10-01 22:11:52.000000","","","F37D7760","B0BA58B3"
"704c467c","WBR120307IL7","ZVP","OBRA PUEBLA","AYUDANTE","1.049300","278.80","0.00","0.00","FIJO","DIURNO","0.00","2025-02-17","2025-02-23","","Pa","","","2026-10-01 22:11:52.000000","2026-10-01 22:11:52.000000","","","6803C8C2",""
"70b8710e","WBR120307IL7","ZVP","OBRA PUEBLA","AYUDANTE","1.049300","292.54","0.00","0.00","FIJO","DIURNO","0.00","2025-01-13","2025-02-09","","Pa","","","2026-10-01 22:11:52.000000","2026-10-01 22:11:52.000000","","","F94CEC39",""
"70d16abf","WBR120307IL7","","LEGAL","ABOGADA","1.049300","576.39","915.22","230.63","FIJO","DIURNO","0.00","2026-07-01","","","Pa","","","2026-10-01 22:11:52.000000","2026-10-01 22:11:52.000000","","","20fc200f",""
"7405eb69","CTI171208R90","ZVP","OBRA PUEBLA","AYUD. ALBAÑIL","1.049300","315.04","0.00","0.00","FIJO","DIURNO","0.00","2026-04-20","2026-05-17","RENUNCIA","Pa","","","2026-10-01 22:11:52.000000","2026-10-01 22:11:52.000000","","","bbb39f4b",""
"741919f8","WBR120307IL7","ZVP","OBRA PUEBLA","OPERADOR DE PIPA","1.049300","2069.10","0.00","0.00","FIJO","DIURNO","0.00","2024-12-16","2025-01-13","","Pa","","","2026-10-01 22:11:52.000000","2026-10-01 22:11:52.000000","","","473CE0F8",""
"762df0fe","WBR120307IL7","ZVP","OBRA PUEBLA","AYUDANTE","1.049300","292.54","0.00","0.00","FIJO","DIURNO","0.00","2025-02-03","2025-02-14","","Pa","","","2026-10-01 22:11:52.000000","2026-10-01 22:11:52.000000","","","D4788483",""
"7b53d731","WBR120307IL7","ZVP","OBRA PUEBLA","TOPOGRAFO","1.049300","586.15","0.00","0.00","FIJO","DIURNO","0.00","2024-11-19","2024-12-24","","Pa","","","2026-10-01 22:11:52.000000","2026-10-01 22:11:52.000000","","","6DA4FE49",""
"7d81448d","CTI171208R90","ZVP","OBRA PUEBLA","ARQUITECTO","1.049300","708.42","1337.99","288.31","FIJO","DIURNO","0.00","2026-02-23","","","Pa","","","2026-10-01 22:11:52.000000","2026-10-01 22:11:52.000000","","","10f869c9",""
"7ee2e9f9","WBR120307IL7","ZVP","OBRA PUEBLA","VELADOR","1.049300","317.78","168.99","55.44","FIJO","DIURNO","0.00","2025-08-01","2025-05-04","","Pa","","","2026-10-01 22:11:52.000000","2026-10-01 22:11:52.000000","","","62F616D6",""
"812d7c4e","WBR120307IL7","ZVP","OBRA PUEBLA","OPERADOR DE MAQUINARIA","1.049300","674.34","0.00","0.00","FIJO","DIURNO","0.00","2025-01-01","2025-01-10","","Pa","","","2026-10-01 22:11:52.000000","2026-10-01 22:11:52.000000","","","7ED2DE67",""
"817e105f","WBR120307IL7","ZVP","OBRA PUEBLA","AYUDANTE","1.049300","350.89","194.22","62.01","FIJO","DIURNO","0.00","2025-02-03","2025-04-30","","Pa","","","2026-10-01 22:11:52.000000","2026-10-01 22:11:52.000000","","","8673A124",""
"81c0fa0b","WBR120307IL7","ZVP","OBRA PUEBLA","AYUDANTE","1.049300","0.00","0.00","0.00","FIJO","DIURNO","0.00","2025-02-07","2025-02-23","","Pa","","","2026-10-01 22:11:52.000000","2026-10-01 22:11:52.000000","","","0BA5A34E",""
"84c23508","CTI171208R90","ZVP","OBRA PUEBLA","VELADOR","1.049300","399.01","221.24","71.83","FIJO","DIURNO","0.00","2025-08-11","2026-01-08","DESPIDO JUSTIFICADO","Pa","","","2026-10-01 22:11:52.000000","2026-10-01 22:11:52.000000","","","B0BA58B3",""
"8c1111db","CTI171208R90","ZVP","OBRA PUEBLA","YESERO","1.049300","315.04","0.00","0.00","FIJO","DIURNO","0.00","2026-01-12","2026-05-03","RENUNCIA","Pa","","","2026-10-01 22:11:52.000000","2026-10-01 22:11:52.000000","","","baeb74e4",""
"8cfaecdf","WBR120307IL7","ZVP","OBRA PUEBLA","AYUDANTE","1.049300","0.00","0.00","0.00","FIJO","DIURNO","0.00","2025-01-13","2025-02-16","","Pa","","","2026-10-01 22:11:52.000000","2026-10-01 22:11:52.000000","","","60AAEC3C",""
"8f1373a4","WBR120307IL7","ZVP","OBRA PUEBLA","AYUDANTE","1.049300","516.81","0.00","0.00","FIJO","DIURNO","0.00","2025-01-27","2025-02-09","","Pa","","","2026-10-01 22:11:52.000000","2026-10-01 22:11:52.000000","","","ABF49B0D",""
"906de322","CTI171208R90","ZVP","OBRA PUEBLA","MAESTRO ALBAÑIL","1.049300","278.80","0.00","0.00","FIJO","DIURNO","0.00","2025-05-12","2025-09-01","RENUNCIA","Pa","","","2026-10-01 22:11:52.000000","2026-10-01 22:11:52.000000","","","3B482379","B0BA58B3"
"91a2b6d6","WBR120307IL7","ZVP","OBRA PUEBLA","AYUDANTE","1.049300","516.81","0.00","0.00","FIJO","DIURNO","0.00","2025-01-27","2025-02-14","","Pa","","","2026-10-01 22:11:52.000000","2026-10-01 22:11:52.000000","","","D5BCC7E7",""
"939a9927","WBR120307IL7","ZVP","OBRA PUEBLA","AYUDANTE","1.049300","433.81","0.00","0.00","FIJO","DIURNO","0.00","2025-01-06","2025-02-09","","Pa","","","2026-10-01 22:11:52.000000","2026-10-01 22:11:52.000000","","","927B17D7",""
"93a17f32","WBR120307IL7","ZVP","OBRA PUEBLA","AYUDANTE","1.049300","278.80","0.00","0.00","FIJO","DIURNO","0.00","2025-02-17","2025-02-23","","Pa","","","2026-10-01 22:11:52.000000","2026-10-01 22:11:52.000000","","","E044428C",""
"95a6c885","CTI171208R90","ZVP","OBRA PUEBLA","PLOMERO / ELECTRICO","1.049300","315.04","0.00","0.00","FIJO","DIURNO","0.00","2026-01-12","","","Pa","","","2026-10-01 22:11:52.000000","2026-10-01 22:11:52.000000","","","0314b763",""
"97104301","CTI171208R90","ZVP","OBRA PUEBLA","AYUDANTE","1.049300","290.67","39.06","50.71","FIJO","DIURNO","0.00","2025-04-21","2025-05-19","","Pa","","","2026-10-01 22:11:52.000000","2026-10-01 22:11:52.000000","","","F8C70A84",""
"97c8ce68","WBR120307IL7","ZVP","OBRA PUEBLA","AYUDANTE","1.049300","334.32","181.59","58.65","FIJO","DIURNO","0.00","2025-01-13","2025-04-30","","Pa","","","2026-10-01 22:11:52.000000","2026-10-01 22:11:52.000000","","","F37D7760",""
"9aaab1dd","WBR120307IL7","ZVP","OBRA PUEBLA","VELADOR","1.049300","420.41","266.68","76.19","FIJO","DIURNO","0.00","2024-10-29","2025-03-23","","Pa","","","2026-10-01 22:11:52.000000","2026-10-01 22:11:52.000000","","","1BE41445",""
"9e2ee878","WBR120307IL7","ZVP","OBRA PUEBLA","AYUDANTE","1.049300","516.81","0.00","0.00","FIJO","DIURNO","0.00","2025-01-27","2025-02-09","","Pa","","","2026-10-01 22:11:52.000000","2026-10-01 22:11:52.000000","","","AC02791F",""
"a0299167","WBR120307IL7","ZVP","OBRA PUEBLA","BODEGUERA","1.049300","367.56","207.49","65.41","FIJO","DIURNO","0.00","2024-10-01","2025-08-06","","Pa","","","2026-10-01 22:11:52.000000","2026-10-01 22:11:52.000000","","","DCE350AC","B0BA58B3"
"a1ca5633","CTI171208R90","","FINANZAS","ADMINISTRATIVO","1.049300","629.58","0.00","0.00","FIJO","DIURNO","0.00","2025-02-10","2025-07-21","DESPIDO JUSTIFICADO","Pa","","","2026-10-01 22:11:52.000000","2026-10-01 22:11:52.000000","","","998DB645","31ab13b6"
"a622bbb5","CTI171208R90","","FINANZAS","AUXILIAR CONTABLE","1.049300","534.28","802.01","212.23","FIJO","DIURNO","0.00","2026-04-16","","","Pa","","","2026-10-01 22:11:52.000000","2026-10-01 22:11:52.000000","","","e363c2f5","31ab13b6"
"acb676da","CTI171208R90","ZVP","OBRA PUEBLA","AYUD. ALBAÑIL","1.049300","414.88","0.00","0.00","FIJO","DIURNO","0.00","2023-10-16","2024-09-18","","Pa","","","2026-10-01 22:11:52.000000","2026-10-01 22:11:52.000000","","","6B3FCD6A",""
"b02b0fc4","WBR120307IL7","ZVP","OBRA PUEBLA","AYUDANTE","1.049300","433.81","0.00","0.00","FIJO","DIURNO","0.00","2025-01-06","2025-02-09","","Pa","","","2026-10-01 22:11:52.000000","2026-10-01 22:11:52.000000","","","E4792539",""
"b12a5ffa","CTI171208R90","ZVP","OBRA PUEBLA","AYUDANTE ALBAÑIL","1.049300","315.04","0.00","0.00","FIJO","DIURNO","0.00","2026-01-12","","","Pa","","","2026-10-01 22:11:52.000000","2026-10-01 22:11:52.000000","","","bdb0d365",""
"b151f25a","CTI171208R90","ZVP","OBRA PUEBLA","AYUDANTE ALBAÑIL","1.049300","315.04","0.00","0.00","FIJO","DIURNO","0.00","2026-01-12","","","Pa","","","2026-10-01 22:11:52.000000","2026-10-01 22:11:52.000000","","","400db45b",""
"b309fa89","CTI171208R90","ZVP","OBRA PUEBLA","OFICIAL ALBAÑIL","1.049300","278.80","0.00","0.00","FIJO","DIURNO","0.00","2025-07-07","2025-08-11","","Pa","","https://drive.google.com/drive/folders/1ERlgYIDH3REAeByySvBhv6wVCQNeDKpl?usp=drive_link","2026-10-01 22:11:52.000000","2026-10-01 22:11:52.000000","","","16aca5de","B0BA58B3"
"b9dea626","WBR120307IL7","ZVP","OBRA PUEBLA","CONTRATISTA","1.049300","1664.99","0.00","0.00","FIJO","DIURNO","0.00","2025-01-13","2025-02-23","","Pa","","","2026-10-01 22:11:52.000000","2026-10-01 22:11:52.000000","","","92A0FDEC",""
"baa5f888","CTI171208R90","ZVP","OBRA PUEBLA","YESERO","1.049300","315.04","0.00","0.00","FIJO","DIURNO","","2026-06-01","","","Pa","","","2026-10-01 22:11:52.000000","2026-10-01 22:11:52.000000","","","3652bdfa",""
"bccd4d0b","CTI171208R90","ZVP","OBRA PUEBLA","AYUD. GENERAL","1.049300","315.04","0.00","0.00","FIJO","DIURNO","0.00","2025-08-18","2026-02-17","RENUNCIA","Pa","","","2026-10-01 22:11:52.000000","2026-10-01 22:11:52.000000","","","1ca33c22","B0BA58B3"
"bef6d495","WBR120307IL7","ZVP","OBRA PUEBLA","AYUDANTE","1.049300","869.05","0.00","0.00","FIJO","DIURNO","0.00","2024-12-16","2025-02-02","","Pa","","","2026-10-01 22:11:52.000000","2026-10-01 22:11:52.000000","","","152672B9",""
"ca8ceebd","CTI171208R90","ZVP","OBRA PUEBLA","LIMPIEZA","1.049300","315.04","0.00","0.00","FIJO","DIURNO","0.00","2026-02-16","2026-08-17","RENUNCIA","Pa","","","2026-10-01 22:11:52.000000","2026-10-01 22:11:52.000000","","","82e0a0c6",""
"d1b27f52","WBR120307IL7","ZVP","OBRA PUEBLA","AYUDANTE","1.049300","389.45","0.00","0.00","FIJO","DIURNO","0.00","2025-01-13","2025-02-23","","Pa","","","2026-10-01 22:11:52.000000","2026-10-01 22:11:52.000000","","","E1076BDF",""
"d2e9b5a9","WBR120307IL7","","ADMINISTRACION","INGENIERA EN SISTEMAS","1.049300","620.39","1056.00","249.85","FIJO","DIURNO","0.00","2026-07-27","","","Pa","","","2026-10-01 22:11:52.000000","2026-10-01 22:11:52.000000","","","92ba8b44",""
"d3fe7f16","CTI171208R90","ZVP","OBRA PUEBLA","AYUD. ALBAÑIL","1.049300","315.04","0.00","0.00","FIJO","DIURNO","0.00","2026-05-04","2026-05-14","RENUNCIA","Pa","","","2026-10-01 22:11:52.000000","2026-10-01 22:11:52.000000","","","7b380a67",""
"d4a51be7","CTI171208R90","ZVP","OBRA PUEBLA","LOSETERO","1.049300","315.04","0.00","0.00","FIJO","DIURNO","0.00","2026-01-19","2026-05-17","RENUNCIA","Pa","","","2026-10-01 22:11:52.000000","2026-10-01 22:11:52.000000","","","a3fa3be6",""
"d4eaaa3e","WBR120307IL7","ZVP","OBRA PUEBLA","AYUD. ALBAÑIL","1.049300","248.93","0.00","0.00","FIJO","DIURNO","0.00","2024-11-11","2024-12-02","","Pa","","","2026-10-01 22:11:52.000000","2026-10-01 22:11:52.000000","","","465A89C0",""
"d8bf49c0","WBR120307IL7","ZVP","OBRA PUEBLA","OPERADOR DE MAQUINARIA","1.049300","1058.67","0.00","0.00","FIJO","DIURNO","0.00","2024-10-22","2024-12-02","","Pa","","","2026-10-01 22:11:52.000000","2026-10-01 22:11:52.000000","","","2E313571",""
"d9cad633","WBR120307IL7","ZVP","OBRA PUEBLA","MAESTRO ALBAÑIL","1.049300","278.80","0.00","0.00","FIJO","DIURNO","0.00","2024-10-29","2025-08-06","","Pa","","","2026-10-01 22:11:52.000000","2026-10-01 22:11:52.000000","","","BAA2E7C6","B0BA58B3"
"dc6d1d71","CTI171208R90","ZVP","OBRA PUEBLA","LIMPIEZA","1.049300","0.00","0.00","0.00","FIJO","DIURNO","0.00","2026-08-24","2026-08-06","RENUNCIA","Pa","","","2026-10-01 22:11:52.000000","2026-10-01 22:11:52.000000","","","a757193c",""
"df0f126a","CTI171208R90","ZVP","OBRA PUEBLA","AYUDANTE","1.049300","290.67","39.06","50.71","FIJO","DIURNO","","2025-06-23","2025-07-07","RENUNCIA","Pa","","","2026-10-01 22:11:52.000000","2026-10-01 22:11:52.000000","","","39050396","B0BA58B3"
"df7c3818","CTI171208R90","ZVP","OBRA PUEBLA","BODEGUERA","1.049300","365.87","196.01","65.08","FIJO","DIURNO","0.00","2025-08-11","","","Pa","","","2026-10-01 22:11:52.000000","2026-10-01 22:11:52.000000","","","DCE350AC","B0BA58B3"
"e2a2f181","CTI171208R90","ZVP","OBRA PUEBLA","ARQUITECTA","1.049300","500.00","365.80","92.41","FIJO","DIURNO","0.00","2026-01-05","2026-02-15","DESPIDO JUSTIFICADO","Pa","","","2026-10-01 22:11:52.000000","2026-10-01 22:11:52.000000","","","61fea2d3","B0BA58B3"
"e388d8b7","WBR120307IL7","ZVP","OBRA PUEBLA","AYUDANTE","1.049300","350.89","194.21","62.01","FIJO","DIURNO","0.00","2025-04-07","2025-04-30","","Pa","","","2026-10-01 22:11:52.000000","2026-10-01 22:11:52.000000","","","338B33C2",""
"e46ac450","WBR120307IL7","ZVP","OBRA PUEBLA","AYUDANTE","1.049300","516.81","0.00","0.00","FIJO","DIURNO","0.00","2025-01-27","2025-02-16","","Pa","","","2026-10-01 22:11:52.000000","2026-10-01 22:11:52.000000","","","C8303E27",""
"e6272591","WBR120307IL7","ZVP","OBRA PUEBLA","AYUDANTE","1.049300","389.45","0.00","0.00","FIJO","DIURNO","0.00","2025-01-13","2025-02-23","","Pa","","","2026-10-01 22:11:52.000000","2026-10-01 22:11:52.000000","","","CCF232DC",""
"e6330904","WBR120307IL7","ZVP","OBRA PUEBLA","AYUDANTE","1.049300","278.80","0.00","0.00","FIJO","DIURNO","0.00","2025-05-05","2025-06-16","","Pa","","","2026-10-01 22:11:52.000000","2026-10-01 22:11:52.000000","","","F7164556",""
"f08da12d","WBR120307IL7","ZVP","OBRA PUEBLA","VELADOR","1.049300","402.79","246.94","72.59","FIJO","DIURNO","0.00","2024-09-16","2025-08-06","","Pa","","","2026-10-01 22:11:52.000000","2026-10-01 22:11:52.000000","","","B0BA58B3","B547DFA4"
"f09af84e","WBR120307IL7","ZVP","OBRA PUEBLA","AYUDANTE","1.049300","642.67","576.82","121.87","FIJO","DIURNO","0.00","2025-01-20","2025-04-30","","Pa","","","2026-10-01 22:11:52.000000","2026-10-01 22:11:52.000000","","","2E014765",""
"f14929ea","WBR120307IL7","ZVP","OBRA PUEBLA","AYUDANTE","1.049300","456.37","311.08","83.51","FIJO","DIURNO","0.00","2025-01-27","2025-03-23","","Pa","","","2026-10-01 22:11:52.000000","2026-10-01 22:11:52.000000","","","AA0EB063",""
"f2e04c35","CTI171208R90","ZVP","OBRA PUEBLA","OFICIAL PASTERO","1.049300","315.04","0.00","0.00","FIJO","DIURNO","0.00","2026-08-17","","","Pa","","","2026-10-01 22:11:52.000000","2026-10-01 22:11:52.000000","","","eba6ba6d",""
"f71778ed","CTI171208R90","","FINANZAS","GERENTE FINANCIERO","1.049300","708.42","1337.99","288.31","FIJO","DIURNO","0.00","2025-07-21","2026-09-15","RENUNCIA","Pa","","","2026-10-01 22:11:52.000000","2026-10-01 22:11:52.000000","","","eaf23b45","31ab13b6"
"f75a4026","WBR120307IL7","ZVP","OBRA PUEBLA","AYUDANTE","1.049300","292.54","0.00","0.00","FIJO","DIURNO","0.00","2025-01-06","2025-01-13","","Pa","","","2026-10-01 22:11:52.000000","2026-10-01 22:11:52.000000","","","4323FFC9",""
"f8b1608a","CTI171208R90","ZVP","OBRA PUEBLA","AYUDANTE","1.049300","278.80","0.00","0.00","FIJO","DIURNO","0.00","2025-05-01","2025-05-12","","Pa","","","2026-10-01 22:11:52.000000","2026-10-01 22:11:52.000000","","","8673A124",""
"f9763952","WBR120307IL7","ZVP","OBRA PUEBLA","AYUDANTE","1.049300","278.80","0.00","0.00","FIJO","DIURNO","0.00","2025-03-24","2025-05-26","","Pa","","","2026-10-01 22:11:52.000000","2026-10-01 22:11:52.000000","","","E61110E4",""
"fb7ac234","CTI171208R90","ZVP","OBRA PUEBLA","AYUDANTE","1.049300","278.80","0.00","0.00","FIJO","DIURNO","0.00","2025-05-01","2025-08-11","","Pa","","","2026-10-01 22:11:52.000000","2026-10-01 22:11:52.000000","","","B1E2F474","B0BA58B3"
"ff2dcacc","CTI171208R90","","FINANZAS","ADMINISTRATIVO","1.052100","315.04","0.00","0.00","FIJO","DIURNO","0.00","2023-09-22","","","Pa","","","2026-10-01 22:11:52.000000","2026-10-01 22:11:52.000000","","","B547DFA4","31ab13b6"
